word	onset	duration	onset_TRs	duration_TRs
THAT'S	0.4825	4.4	0.3238255033557047	2.953020134228188
A	4.8825	0.22	3.276845637583893	0.1476510067114094
UH	5.1025	0.28	3.424496644295302	0.18791946308724833
THAT'S	6.0825	0.17	4.082214765100671	0.11409395973154364
A	6.2525	0.07	4.196308724832215	0.04697986577181208
TOUGH	6.3225	0.23	4.243288590604027	0.15436241610738255
COMBINATION	6.5525	0.58	4.39765100671141	0.38926174496644295
DO	7.7625	0.78	5.209731543624161	0.5234899328859061
YOU	8.9725	0.19	6.021812080536913	0.12751677852348994
WANT	9.1625	2.6	6.149328859060402	1.7449664429530203
TO	12.1625	0.75	8.162751677852349	0.5033557046979866
COME	13.3125	0.18	8.934563758389261	0.12080536912751677
IN	13.4925	0.11	9.055369127516778	0.0738255033557047
FOR	13.6025	0.1	9.129194630872483	0.06711409395973154
SOME	13.7025	0.16	9.196308724832216	0.10738255033557047
LEMONADE	13.8625	0.47	9.303691275167786	0.31543624161073824
LIKE	15.3125	0.25	10.276845637583893	0.16778523489932887
YOU	15.5625	0.9	10.444630872483222	0.6040268456375839
WOULDN'T	16.9725	2.35	11.390939597315436	1.5771812080536913
BELIEVE	19.4025	0.76	13.021812080536913	0.5100671140939598
OHH	20.1625	0.12	13.531879194630873	0.08053691275167785
WOW	20.2825	2.79	13.61241610738255	1.8724832214765101
THIS	23.5325	0.32	15.793624161073826	0.21476510067114093
IS	24.0825	0.17	16.16275167785235	0.11409395973154364
A	24.2525	0.05	16.276845637583893	0.03355704697986577
GREAT	24.3025	0.25	16.31040268456376	0.16778523489932887
PLACE	24.5525	0.54	16.478187919463085	0.36241610738255037
OH	26.4425	0.08	17.746644295302012	0.053691275167785234
THANK	27.0425	0.24	18.149328859060404	0.1610738255033557
YOU	27.2825	0.15	18.31040268456376	0.10067114093959731
JUST	29.1025	0.34	19.53187919463087	0.22818791946308728
MAKE	30.0925	0.19	20.196308724832214	0.12751677852348994
YOURSELF	30.2825	0.29	20.323825503355703	0.19463087248322147
COMFORTABLE	30.5725	0.42	20.518456375838927	0.28187919463087246
GOTCHA	32.2325	0.47	21.63255033557047	0.31543624161073824
SO	33.6425	0.22	22.578859060402685	0.1476510067114094
THIS	34.0825	1.24	22.874161073825505	0.8322147651006712
PLACE	35.9125	0.81	24.10234899328859	0.5436241610738255
IS	36.7225	0.22	24.645973154362412	0.1476510067114094
REALLY	36.9425	0.23	24.793624161073826	0.15436241610738255
MY	37.1725	0.14	24.947986577181208	0.09395973154362416
GRANDMOTHER'S	37.3125	0.75	25.04194630872483	0.5033557046979866
I	38.0625	0.05	25.54530201342282	0.03355704697986577
GOT	38.1125	0.11	25.57885906040268	0.0738255033557047
IT	38.2225	0.07	25.65268456375839	0.04697986577181208
FROM	38.2925	0.76	25.6996644295302	0.5100671140939598
HER	39.0525	2.11	26.209731543624162	1.4161073825503354
WHEN	41.1625	1.87	27.6258389261745	1.25503355704698
SHE	43.0525	0.13	28.894295302013425	0.087248322147651
MOVED	43.1825	0.19	28.981543624161073	0.12751677852348994
TO	43.3725	0.11	29.109060402684566	0.0738255033557047
FLORIDA	43.4825	0.68	29.18288590604027	0.45637583892617456
OTHERWISE	44.3825	0.3	29.786912751677853	0.20134228187919462
I	44.6825	0.05	29.988255033557046	0.03355704697986577
COULD	44.7325	0.13	30.021812080536915	0.087248322147651
NEVER	44.8625	0.22	30.109060402684563	0.1476510067114094
AFFORD	45.0825	0.29	30.256711409395976	0.19463087248322147
A	45.3725	0.04	30.451342281879196	0.026845637583892617
PLACE	45.4125	0.31	30.47818791946309	0.2080536912751678
LIKE	45.7225	0.26	30.686241610738254	0.174496644295302
THIS	45.9825	0.17	30.86073825503356	0.11409395973154364
SO	46.1525	0.08	30.974832214765105	0.053691275167785234
IF	46.2525	0.1	31.04194630872483	0.06711409395973154
THE	46.3525	0.17	31.109060402684563	0.11409395973154364
LANDLORD	46.6725	0.52	31.323825503355703	0.348993288590604
EVER	47.2125	0.24	31.686241610738254	0.1610738255033557
ASKS	47.4525	2.84	31.84731543624161	1.9060402684563758
I'M	50.5725	0.53	33.941275167785236	0.3557046979865772
AN	51.1025	2.63	34.29697986577181	1.7651006711409396
87	53.7325	0.49	36.06208053691275	0.32885906040268453
YEAR	54.2225	0.13	36.39093959731544	0.087248322147651
OLD	54.3525	0.13	36.47818791946309	0.087248322147651
WOMAN	54.4825	0.23	36.56543624161074	0.15436241610738255
WHO'S	54.7125	0.15	36.71979865771812	0.10067114093959731
AFRAID	54.8625	0.27	36.82046979865772	0.18120805369127518
OF	55.1325	0.06	37.00167785234899	0.040268456375838924
HER	55.1925	0.14	37.04194630872483	0.09395973154362416
VCR	55.3325	0.62	37.13590604026846	0.4161073825503356
YOU	56.6925	0.15	38.04865771812081	0.10067114093959731
THIRSTY	56.8425	0.56	38.149328859060404	0.37583892617449666
YOU	57.7325	0.3	38.74664429530201	0.20134228187919462
BET	58.0325	0.39	38.947986577181204	0.26174496644295303
I	58.4225	0.16	39.20973154362416	0.10738255033557047
AM	58.5825	2.88	39.31711409395973	1.9328859060402683
OKAY	61.4625	0.35	41.25	0.2348993288590604
HERE'S	61.8125	0.43	41.48489932885906	0.2885906040268456
YOUR	62.2425	0.24	41.77348993288591	0.1610738255033557
PENIS	62.4825	0.32	41.93456375838926	0.21476510067114093
OH	63.0025	0.04	42.283557046979865	0.026845637583892617
MY	63.1125	1.99	42.35738255033557	1.3355704697986577
GOD	65.1025	0.1	43.69295302013423	0.06711409395973154
WHAT	65.2025	2.23	43.760067114093964	1.4966442953020134
THE	67.4325	0.5	45.256711409395976	0.33557046979865773
HELL	67.9325	0.29	45.59228187919464	0.19463087248322147
ARE	68.2225	0.18	45.78691275167785	0.12080536912751677
YOU	68.4025	0.2	45.90771812080537	0.1342281879194631
DOING	68.6025	0.7	46.04194630872484	0.4697986577181208
YOU	69.7125	0.19	46.78691275167785	0.12751677852348994
SAID	69.9025	0.53	46.914429530201346	0.3557046979865772
YOU	70.4325	0.14	47.27013422818792	0.09395973154362416
WANT	70.5725	0.2	47.36409395973155	0.1342281879194631
TO	70.7725	0.09	47.498322147651	0.060402684563758385
COME	70.8625	0.09	47.558724832214764	0.060402684563758385
IN	70.9525	0.18	47.619127516778526	0.12080536912751677
FOR	71.1325	0.11	47.739932885906036	0.0738255033557047
SOME	71.2425	0.39	47.81375838926175	0.26174496644295303
LEMONADE	71.6325	1.11	48.0755033557047	0.7449664429530202
SO	72.7425	0.6	48.820469798657726	0.40268456375838924
WERE	73.7325	0.23	49.484899328859065	0.15436241610738255
AH	73.9625	0.96	49.63926174496645	0.6442953020134228
WERE	74.9225	0.15	50.283557046979865	0.10067114093959731
YOU	75.2325	0.15	50.491610738255034	0.10067114093959731
JUST	75.3825	0.73	50.59228187919463	0.4899328859060403
GOING	76.1125	0.19	51.08221476510067	0.12751677852348994
TO	76.3025	0.22	51.20973154362416	0.1476510067114094
GIVE	76.5225	0.11	51.357382550335565	0.0738255033557047
ME	76.6325	0.12	51.43120805369127	0.08053691275167785
LEMONADE	76.7525	0.33	51.511744966442954	0.2214765100671141
YEAH	77.0825	0.1	51.73322147651007	0.06711409395973154
HUH	77.3125	2.11	51.88758389261745	1.4161073825503354
WOULD	79.4225	0.1	53.303691275167786	0.06711409395973154
YOU	79.5225	0.06	53.37080536912751	0.040268456375838924
COVER	79.5825	0.25	53.41107382550335	0.16778523489932887
YOURSELF	79.8325	0.35	53.578859060402685	0.2348993288590604
UP	80.2725	0.35	53.8741610738255	0.2348993288590604
OH	81.1525	0.09	54.464765100671144	0.060402684563758385
RIGHT	81.2425	0.59	54.525167785234906	0.3959731543624161
SORRY	81.8325	0.28	54.921140939597315	0.18791946308724833
GOD	82.2225	0.1	55.18288590604027	0.06711409395973154
I	82.5025	0.52	55.37080536912752	0.348993288590604
DON'T	83.0225	0.19	55.719798657718115	0.12751677852348994
BELIEVE	83.2425	0.3	55.867449664429536	0.20134228187919462
THIS	83.5425	0.44	56.06879194630873	0.2953020134228188
SOMEONE	84.4625	0.32	56.68624161073826	0.21476510067114093
ASKS	84.8325	0.21	56.93456375838926	0.14093959731543623
YOU	85.0425	0.09	57.075503355704704	0.060402684563758385
IN	85.1325	0.11	57.13590604026845	0.0738255033557047
FOR	85.2425	0.11	57.209731543624166	0.0738255033557047
LEMONADE	85.3525	0.55	57.28355704697987	0.3691275167785235
AND	86.0525	0.1	57.75335570469798	0.06711409395973154
TO	86.1525	0.09	57.82046979865772	0.060402684563758385
YOU	86.2425	0.14	57.88087248322148	0.09395973154362416
THAT	86.3825	0.15	57.974832214765094	0.10067114093959731
MEANS	86.5325	0.16	58.0755033557047	0.10738255033557047
THEY	86.6925	0.15	58.18288590604027	0.10067114093959731
WANT	86.8425	0.15	58.283557046979865	0.10067114093959731
TO	86.9925	0.06	58.38422818791947	0.040268456375838924
HAVE	87.0525	0.13	58.424496644295296	0.087248322147651
SEX	87.1825	0.66	58.511744966442954	0.4429530201342282
UM	87.8425	0.23	58.95469798657718	0.15436241610738255
USUALLY	88.3325	0.7	59.283557046979865	0.4697986577181208
YEAH	89.1325	0.64	59.82046979865771	0.42953020134228187
WELL	89.7725	0.14	60.24999999999999	0.09395973154362416
NOT	89.9125	0.57	60.34395973154362	0.38255033557046975
JUST	90.5525	0.22	60.7734899328859	0.1476510067114094
LEMONADE	90.7725	0.62	60.921140939597315	0.4161073825503356
ICED	91.4625	0.28	61.38422818791947	0.18791946308724833
TEA	91.7425	0.4	61.572147651006716	0.2684563758389262
SOMETIMES	92.4525	0.39	62.04865771812081	0.26174496644295303
JUICE	92.8425	0.5	62.31040268456376	0.33557046979865773
LOOK	93.4725	0.13	62.73322147651007	0.087248322147651
I'M	93.6025	1.33	62.820469798657726	0.8926174496644296
SORRY	96.3925	0.42	64.69295302013423	0.28187919463087246
I	96.8125	0.07	64.9748322147651	0.04697986577181208
JUST	96.8825	0.23	65.0218120805369	0.15436241610738255
THOUGHT	98.4325	0.13	66.06208053691276	0.087248322147651
YOU	98.5625	0.14	66.1493288590604	0.09395973154362416
LIKED	98.7025	0.32	66.24328859060402	0.21476510067114093
ME	99.0225	0.09	66.45805369127517	0.060402684563758385
I'M	99.1925	0.06	66.5721476510067	0.040268456375838924
SUCH	100.2025	0.21	67.25	0.14093959731543623
A	100.4125	0.05	67.39093959731544	0.03355704697986577
JERK	100.6025	0.4	67.51845637583894	0.2684563758389262
IT'S	103.9525	0.15	69.76677852348993	0.10067114093959731
OKAY	104.1025	0.26	69.86744966442953	0.174496644295302
I	104.3625	0.03	70.04194630872483	0.020134228187919462
SUPPOSE	106.4625	0.39	71.45134228187919	0.26174496644295303
IT	106.8525	0.06	71.71308724832215	0.040268456375838924
COULD	106.9125	0.11	71.75335570469798	0.0738255033557047
HAPPEN	107.0225	0.24	71.82718120805369	0.1610738255033557
TO	107.2625	0.06	71.98825503355705	0.040268456375838924
ANYONE	107.3225	0.47	72.0285234899329	0.31543624161073824
NOT	108.9225	0.15	73.10234899328859	0.10067114093959731
ANYONE	109.0725	0.36	73.2030201342282	0.24161073825503354
I	109.4325	0.2	73.44463087248323	0.1342281879194631
KNOW	109.6325	0.36	73.57885906040268	0.24161073825503354
BUT	109.9925	0.56	73.82046979865773	0.37583892617449666
BY	110.5525	1.21	74.1963087248322	0.8120805369127516
THE	113.7025	0.69	76.31040268456375	0.4630872483221476
WAY	114.4725	0.17	76.82718120805369	0.11409395973154364
I	115.1425	0.06	77.27684563758389	0.040268456375838924
CAN	115.2025	7.44	77.31711409395973	4.993288590604027
STILL	122.6425	0.22	82.31040268456375	0.1476510067114094
SEE	122.8625	0.06	82.45805369127517	0.040268456375838924
IT	122.9225	0.07	82.49832214765101	0.04697986577181208
PHEEBS	122.9925	0.3	82.54530201342283	0.20134228187919462
HUH	123.2925	3.2	82.74664429530202	2.1476510067114094
WHERE'S	127.5325	0.39	85.59228187919463	0.26174496644295303
YOUR	128.3825	0.22	86.16275167785234	0.1476510067114094
BED	129.1525	0.14	86.67953020134229	0.09395973154362416
IT'S	129.2925	0.69	86.7734899328859	0.4630872483221476
NOT	130.7525	3.02	87.75335570469798	2.0268456375838926
IN	133.7725	0.29	89.78020134228188	0.19463087248322147
THE	134.0625	0.28	89.9748322147651	0.18791946308724833
APARTMENT	134.3425	2.79	90.16275167785236	1.8724832214765101
OH	137.8725	0.05	92.53187919463087	0.03355704697986577
NO	137.9725	0.37	92.5989932885906	0.2483221476510067
I	138.3425	0.24	92.84731543624162	0.1610738255033557
CAN'T	138.7925	2.83	93.14932885906039	1.8993288590604027
BELIEVE	141.6225	0.35	95.04865771812081	0.2348993288590604
THIS	141.9725	0.16	95.28355704697987	0.10738255033557047
IS	142.1325	0.11	95.39093959731544	0.0738255033557047
HAPPENING	142.2425	0.4	95.46476510067114	0.2684563758389262
AGAIN	142.6425	0.39	95.73322147651008	0.26174496644295303
WHAT	143.2025	1.15	96.10906040268455	0.7718120805369127
OKAY	144.3525	0.2	96.88087248322147	0.1342281879194631
ENOUGH	144.9125	0.51	97.25671140939598	0.3422818791946309
OF	145.6425	0.23	97.74664429530202	0.15436241610738255
THE	146.1425	0.35	98.08221476510067	0.2348993288590604
THIRD	146.4925	0.19	98.31711409395973	0.12751677852348994
DEGREE	146.6825	0.76	98.44463087248323	0.5100671140939598
I	147.7225	0.25	99.14261744966443	0.16778523489932887
I	147.9725	1.38	99.31040268456375	0.9261744966442952
I	150.2725	0.17	100.85402684563759	0.11409395973154364
DON'T	150.4925	0.12	101.001677852349	0.08053691275167785
LIVE	150.6125	0.29	101.08221476510067	0.19463087248322147
HERE	151.2725	0.51	101.5251677852349	0.3422818791946309
ANYMORE	151.8925	0.5	101.94127516778525	0.33557046979865773
WHAT	153.2825	0.12	102.8741610738255	0.08053691275167785
ARE	153.4025	0.03	102.95469798657719	0.020134228187919462
YOU	153.4325	0.12	102.9748322147651	0.08053691275167785
TALKING	153.5525	0.6	103.05536912751678	0.40268456375838924
ABOUT	154.1525	0.57	103.45805369127517	0.38255033557046975
I'M	154.8425	0.15	103.92114093959732	0.10067114093959731
SORRY	154.9925	0.61	104.02181208053692	0.40939597315436244
I	155.6025	0.2	104.43120805369126	0.1342281879194631
I	156.6925	0.2	105.16275167785234	0.1342281879194631
I	157.2625	0.18	105.54530201342281	0.12080536912751677
I	157.8925	0.11	105.96812080536914	0.0738255033557047
DON'T	158.0025	0.22	106.04194630872483	0.1476510067114094
LIVE	158.2225	0.12	106.18959731543625	0.08053691275167785
HERE	158.3825	0.18	106.2969798657718	0.12080536912751677
ANYMORE	158.5625	0.42	106.41778523489933	0.28187919463087246
I	159.5925	1.61	107.10906040268456	1.080536912751678
I	161.3925	0.35	108.31711409395974	0.2348993288590604
DIDN'T	161.8025	2.12	108.59228187919464	1.422818791946309
KNOW	164.0125	0.24	110.0755033557047	0.1610738255033557
HOW	164.4125	2.11	110.34395973154362	1.4161073825503354
TO	166.6025	0.06	111.81375838926174	0.040268456375838924
TELL	166.8725	0.11	111.99496644295303	0.0738255033557047
YOU	166.9825	0.06	112.06879194630872	0.040268456375838924
BUT	167.0425	0.11	112.10906040268456	0.0738255033557047
YOU	167.1525	0.06	112.18288590604027	0.040268456375838924
KNOW	167.2125	0.06	112.22315436241611	0.040268456375838924
EVERYBODY	167.3025	0.24	112.28355704697988	0.1610738255033557
ELSE	167.6125	0.09	112.49161073825505	0.060402684563758385
KNOWS	167.7025	0.13	112.55201342281879	0.087248322147651
EVERYBODY	167.8325	0.62	112.63926174496645	0.4161073825503356
KNOWS	168.4525	0.51	113.05536912751677	0.3422818791946309
THAT	170.2625	0.11	114.27013422818791	0.0738255033557047
WAS	170.3725	0.09	114.34395973154362	0.060402684563758385
SUPPOSED	170.4625	0.35	114.40436241610739	0.2348993288590604
TO	170.8125	0.06	114.63926174496645	0.040268456375838924
BE	170.8725	0.06	114.67953020134229	0.040268456375838924
A	170.9325	0.04	114.71979865771813	0.026845637583892617
GOOD	170.9725	0.28	114.746644295302	0.18791946308724833
THING	171.2525	0.32	114.93456375838926	0.21476510067114093
I	171.7325	0.12	115.25671140939596	0.08053691275167785
FORGET	171.8525	0.42	115.33724832214764	0.28187919463087246
WHY	172.2725	0.19	115.61912751677853	0.12751677852348994
I	172.4625	0.06	115.74664429530202	0.040268456375838924
DON'T	172.5225	0.16	115.78691275167786	0.10738255033557047
UNDERSTAND	172.9225	1.3	116.05536912751678	0.8724832214765101
THIS	174.2225	0.18	116.92785234899328	0.12080536912751677
I	174.4025	0.03	117.04865771812081	0.020134228187919462
THOUGHT	174.4325	0.53	117.06879194630874	0.3557046979865772
WE	174.9625	0.07	117.4244966442953	0.04697986577181208
WERE	175.0325	0.17	117.47147651006712	0.11409395973154364
DOING	175.2025	0.2	117.58557046979865	0.1342281879194631
SO	175.4025	0.18	117.71979865771813	0.12080536912751677
MUCH	175.5825	0.21	117.84060402684564	0.14093959731543623
BETTER	175.7925	0.36	117.98154362416106	0.24161073825503354
LATELY	176.1525	0.63	118.22315436241611	0.4228187919463087
YEAH	176.8725	0.24	118.70637583892618	0.1610738255033557
BECAUSE	177.1125	0.63	118.86744966442954	0.4228187919463087
I	177.7425	0.27	119.29026845637584	0.18120805369127518
MOVED	178.0125	0.14	119.4714765100671	0.09395973154362416
OUT	178.4225	2.18	119.74664429530202	1.4630872483221478
MONICA	180.9325	0.38	121.43120805369128	0.2550335570469799
I	181.3125	0.3	121.68624161073825	0.20134228187919462
DO	182.2825	0.06	122.33724832214764	0.040268456375838924
YOU	182.3425	0.06	122.37751677852349	0.040268456375838924
KNOW	182.4025	0.35	122.41778523489933	0.2348993288590604
OKAY	182.7525	0.35	122.65268456375838	0.2348993288590604
DO	183.1025	0.14	122.88758389261744	0.09395973154362416
YOU	183.2425	0.07	122.98154362416108	0.04697986577181208
KNOW	183.3125	0.16	123.02852348993288	0.10738255033557047
I	183.7725	0.08	123.33724832214766	0.053691275167785234
COULDN'T	183.8525	0.26	123.39093959731544	0.174496644295302
SLEEP	184.1125	0.33	123.56543624161074	0.2214765100671141
FOR	184.4425	0.13	123.78691275167785	0.087248322147651
LIKE	184.5725	0.17	123.8741610738255	0.11409395973154364
A	184.7425	0.05	123.98825503355705	0.03355704697986577
MONTH	184.7925	0.38	124.0218120805369	0.2550335570469799
BECAUSE	185.1925	0.28	124.29026845637584	0.18791946308724833
I	185.4725	0.12	124.47818791946308	0.08053691275167785
GOT	185.5925	0.25	124.55872483221476	0.16778523489932887
A	185.8425	0.05	124.72651006711409	0.03355704697986577
DOT	185.8925	0.7	124.76006711409397	0.4697986577181208
OF	186.5925	0.07	125.22986577181209	0.04697986577181208
INK	186.6625	0.28	125.27684563758389	0.18791946308724833
ON	186.9425	0.13	125.46476510067114	0.087248322147651
ONE	187.0725	0.13	125.55201342281879	0.087248322147651
OF	187.2025	0.06	125.63926174496643	0.040268456375838924
THE	187.2625	0.06	125.67953020134227	0.040268456375838924
SOFA	187.3225	0.37	125.71979865771812	0.2483221476510067
CUSHIONS	187.6925	0.61	125.96812080536913	0.40939597315436244
WELL	189.1325	0.23	126.93456375838926	0.15436241610738255
YOU	189.3625	0.38	127.08892617449665	0.2550335570469799
COULD	189.7825	0.16	127.37080536912751	0.10738255033557047
HAVE	189.9425	0.09	127.47818791946308	0.060402684563758385
JUST	190.0325	0.23	127.53859060402685	0.15436241610738255
TURNED	190.2625	0.13	127.69295302013423	0.087248322147651
THE	190.3925	0.06	127.78020134228188	0.040268456375838924
CUSHION	190.4525	0.34	127.82046979865771	0.22818791946308728
OVER	190.7925	0.51	128.0486577181208	0.3422818791946309
I	191.4725	0.18	128.50503355704697	0.12080536912751677
WOULD	191.6525	0.21	128.6258389261745	0.14093959731543623
HAVE	191.8625	0.23	128.76677852348993	0.15436241610738255
EXCEPT	192.0925	0.36	128.9211409395973	0.24161073825503354
I	192.4525	0.16	129.16275167785233	0.10738255033557047
HAD	192.6125	0.15	129.27013422818794	0.10067114093959731
A	192.7625	0.04	129.3708053691275	0.026845637583892617
BIG	192.8025	0.16	129.3976510067114	0.10738255033557047
SPAGHETTI	192.9625	0.46	129.50503355704697	0.3087248322147651
STAIN	193.4225	0.29	129.81375838926175	0.19463087248322147
ON	193.7125	0.11	130.00838926174498	0.0738255033557047
THE	193.8225	0.1	130.08221476510067	0.06711409395973154
OTHER	193.9525	0.17	130.16946308724832	0.11409395973154364
SIDE	194.1225	1.4	130.28355704697987	0.9395973154362416
WHAT	195.5225	0.92	131.22315436241612	0.6174496644295302
THIS	196.4425	0.11	131.84060402684563	0.0738255033557047
IS	196.5925	0.12	131.94127516778525	0.08053691275167785
WHAT	196.7125	0.11	132.0218120805369	0.0738255033557047
I'M	196.8225	0.11	132.09563758389262	0.0738255033557047
TALKING	196.9325	0.35	132.16946308724832	0.2348993288590604
ABOUT	197.2825	0.82	132.40436241610738	0.5503355704697986
I	198.2025	0.16	133.0218120805369	0.10738255033557047
NEED	198.3625	0.3	133.1291946308725	0.20134228187919462
TO	198.6625	0.12	133.33053691275168	0.08053691275167785
LIVE	198.7825	0.24	133.41107382550337	0.1610738255033557
IN	199.0225	0.08	133.57214765100673	0.053691275167785234
A	199.1025	0.03	133.62583892617448	0.020134228187919462
LAND	199.1325	0.37	133.64597315436242	0.2483221476510067
WHERE	199.5025	0.12	133.89429530201343	0.08053691275167785
PEOPLE	199.6225	0.3	133.97483221476512	0.20134228187919462
CAN	199.9225	0.15	134.1761744966443	0.10067114093959731
SPILL	200.0725	0.27	134.27684563758388	0.18120805369127518
WELL	200.3425	0.33	134.45805369127518	0.2214765100671141
YOU	200.8425	0.06	134.79362416107384	0.040268456375838924
CAN	200.9425	2.58	134.86073825503357	1.731543624161074
SPILL	203.5225	0.7	136.59228187919464	0.4697986577181208
IN	204.2825	0.2	137.1023489932886	0.1342281879194631
THE	205.1825	0.22	137.7063758389262	0.1476510067114094
SINK	205.4025	0.48	137.85402684563758	0.3221476510067114
AW	206.3925	0.04	138.51845637583892	0.026845637583892617
HONEY	206.4325	1.22	138.54530201342283	0.8187919463087249
IT'S	208.0925	0.17	139.65939597315437	0.11409395973154364
NOT	208.9825	0.36	140.25671140939596	0.24161073825503354
YOUR	209.3425	0.14	140.498322147651	0.09395973154362416
FAULT	209.4825	0.49	140.59228187919462	0.32885906040268453
YOU	209.9725	0.06	140.9211409395973	0.040268456375838924
KNOW	210.0325	0.2	140.96140939597316	0.1342281879194631
THIS	210.2325	0.18	141.0956375838926	0.12080536912751677
IS	210.4125	0.12	141.21644295302013	0.08053691275167785
WHO	210.5325	0.13	141.29697986577182	0.087248322147651
YOU	210.6625	0.18	141.38422818791946	0.12080536912751677
ARE	210.8425	0.56	141.50503355704697	0.37583892617449666
AND	211.7925	0.13	142.1426174496644	0.087248322147651
I	211.9225	0.13	142.2298657718121	0.087248322147651
LOVE	212.0525	0.24	142.31711409395973	0.1610738255033557
YOU	212.2925	0.4	142.47818791946307	0.2684563758389262
AND	213.5125	0.22	143.29697986577182	0.1476510067114094
I	213.7325	0.13	143.4446308724832	0.087248322147651
WANT	213.8625	0.22	143.53187919463087	0.1476510067114094
US	214.0825	0.18	143.6795302013423	0.12080536912751677
TO	214.2625	0.1	143.8003355704698	0.06711409395973154
BE	214.3625	0.15	143.86744966442953	0.10067114093959731
FRIENDS	214.5125	0.48	143.96812080536913	0.3221476510067114
AND	214.9925	0.11	144.29026845637586	0.0738255033557047
IF	215.1025	0.17	144.36409395973155	0.11409395973154364
I	215.2725	0.18	144.4781879194631	0.12080536912751677
KEEP	215.6325	0.21	144.71979865771812	0.14093959731543623
LIVING	215.8425	0.27	144.86073825503357	0.18120805369127518
HERE	216.1125	0.27	145.04194630872485	0.18120805369127518
I	216.3825	0.09	145.2231543624161	0.060402684563758385
DON'T	216.4725	0.16	145.28355704697987	0.10738255033557047
SEE	216.6325	0.17	145.39093959731542	0.11409395973154364
THAT	216.8025	0.17	145.505033557047	0.11409395973154364
HAPPENING	216.9725	0.44	145.61912751677852	0.2953020134228188
I	219.8225	0.08	147.53187919463087	0.053691275167785234
LOVE	219.9525	0.14	147.61912751677852	0.09395973154362416
YOU	220.0925	0.16	147.71308724832215	0.10738255033557047
TOO	220.2525	0.23	147.8204697986577	0.15436241610738255
OH	220.6525	0.29	148.08892617449663	0.19463087248322147
GOOD	220.9425	0.36	148.28355704697987	0.24161073825503354
HMM	221.3025	0.22	148.5251677852349	0.1476510067114094
WHAT	225.6525	0.24	151.44463087248323	0.1610738255033557
WHAT	228.4025	0.17	153.29026845637586	0.11409395973154364
I'M	228.6025	0.26	153.4244966442953	0.174496644295302
JUST	228.8625	0.41	153.5989932885906	0.2751677852348993
SAD	229.2725	0.22	153.87416107382552	0.1476510067114094
NO	230.6625	0.1	154.80704697986576	0.06711409395973154
YOU'RE	230.7625	0.17	154.8741610738255	0.11409395973154364
NOT	230.9325	0.15	154.98825503355704	0.10067114093959731
YOU'RE	231.0825	0.11	155.08892617449666	0.0738255033557047
WONDERING	231.1925	0.3	155.16275167785236	0.20134228187919462
WHICH	231.4925	0.19	155.36409395973155	0.12751677852348994
CUSHION	231.6825	0.31	155.49161073825505	0.2080536912751678
IT	231.9925	0.09	155.6996644295302	0.060402684563758385
IS	232.0825	0.22	155.76006711409397	0.1476510067114094
WELL	232.3425	0.09	155.93456375838926	0.060402684563758385
WHY	232.4325	0.15	155.99496644295303	0.10067114093959731
CAN'T	232.5825	2.45	156.09563758389262	1.644295302013423
I	235.0325	0.31	157.73993288590603	0.2080536912751678
THINK	235.3425	0.51	157.9479865771812	0.3422818791946309
OF	235.8525	0.08	158.29026845637583	0.053691275167785234
BOTH	235.9325	0.3	158.34395973154363	0.20134228187919462
I	236.3325	0.08	158.61241610738256	0.053691275167785234
MEAN	236.4125	0.1	158.66610738255034	0.06711409395973154
I	236.5125	0.13	158.73322147651007	0.087248322147651
CAN	236.6425	0.2	158.82046979865774	0.1342281879194631
THINK	236.8425	0.3	158.95469798657717	0.20134228187919462
TWO	237.1425	0.19	159.1560402684564	0.12751677852348994
THINGS	237.3325	0.37	159.28355704697987	0.2483221476510067
GO	237.7025	0.08	159.53187919463087	0.053691275167785234
AHEAD	237.7825	0.98	159.58557046979865	0.6577181208053691
LOOK	239.0125	0.85	160.41107382550334	0.5704697986577181
YOU	239.8625	0.08	160.98154362416108	0.053691275167785234
KNOW	239.9425	0.11	161.03523489932886	0.0738255033557047
YOU	240.0525	0.13	161.10906040268458	0.087248322147651
WANT	240.1825	0.26	161.19630872483222	0.174496644295302
TO	240.4425	0.2	161.3708053691275	0.1342281879194631
GO	240.6425	0.41	161.505033557047	0.2751677852348993
OH	243.3325	0.6	163.31040268456377	0.40268456375838924
MY	243.9325	3.13	163.71308724832215	2.100671140939597
GOD	250.0025	0.29	167.78691275167785	0.19463087248322147
SO	251.6125	0.3	168.86744966442953	0.20134228187919462
UH	251.9125	0.35	169.06879194630872	0.2348993288590604
WHAT	252.9725	0.16	169.78020134228188	0.10738255033557047
YOU	253.1325	0.06	169.88758389261744	0.040268456375838924
WATCHING	253.1925	0.33	169.9278523489933	0.2214765100671141
BAYWATCH	254.6125	0.48	170.88087248322148	0.3221476510067114
Move	256.4825	0.1	172.13590604026848	0.06711409395973154
south	257.0725	0.21	172.53187919463087	0.14093959731543623
towards	257.3525	0.24	172.71979865771814	0.1610738255033557
the	257.5925	0.3	172.88087248322145	0.20134228187919462
pier	258.4925	0.37	173.48489932885906	0.2483221476510067
WHAT'S	258.8625	0.46	173.73322147651007	0.3087248322147651
IT	259.3225	0.2	174.04194630872482	0.1342281879194631
ABOUT	259.5225	0.78	174.17617449664428	0.5234899328859061
UH	260.3825	0.03	174.75335570469798	0.020134228187919462
LIFEGUARDS	260.5725	0.64	174.88087248322148	0.42953020134228187
WHAT	261.4125	1.22	175.44463087248323	0.8187919463087249
WELL	262.7725	0.13	176.35738255033556	0.087248322147651
IT	262.9025	0.08	176.4446308724832	0.053691275167785234
SOUNDS	262.9825	0.31	176.498322147651	0.2080536912751678
KIND	263.2925	0.17	176.7063758389262	0.11409395973154364
OF	263.4625	0.07	176.8204697986577	0.04697986577181208
STUPID	263.5325	0.47	176.86744966442956	0.31543624161073824
WHO'S	265.8725	0.15	178.43791946308724	0.10067114093959731
SHE	266.0225	0.38	178.53859060402684	0.2550335570469799
NICOLE	266.8825	0.23	179.11577181208054	0.15436241610738255
EGGERT	267.1125	2.31	179.27013422818794	1.5503355704697988
WE	270.4625	0.25	181.51845637583892	0.16778523489932887
LIKE	270.7125	0.33	181.68624161073825	0.2214765100671141
HER	271.0425	0.34	181.90771812080538	0.22818791946308728
WOW	271.5125	0.16	182.2231543624161	0.10738255033557047
LOOK	271.6725	0.29	182.33053691275168	0.19463087248322147
AT	271.9625	2.83	182.52516778523488	1.8993288590604027
THEM	275.0225	0.52	184.57885906040266	0.348993288590604
RUN	275.8725	1.65	185.1493288590604	1.1073825503355703
YEAH	277.8525	0.33	186.4781879194631	0.2214765100671141
THEY	278.1825	0.21	186.6996644295302	0.14093959731543623
DO	278.3925	0.48	186.84060402684563	0.3221476510067114
THAT	278.8725	6.65	187.16275167785236	4.4630872483221475
A	285.5225	0.03	191.62583892617448	0.020134228187919462
LOT	285.5525	0.78	191.64597315436242	0.5234899328859061
HEY	286.3325	0.11	192.16946308724832	0.0738255033557047
YOU	286.4425	0.08	192.24328859060404	0.053691275167785234
WANT	286.5225	0.15	192.2969798657718	0.10067114093959731
A	286.6725	0.03	192.3976510067114	0.020134228187919462
BEER	286.7025	0.21	192.41778523489933	0.14093959731543623
YEAH	286.9125	0.06	192.55872483221478	0.040268456375838924
I'LL	287.3625	0.06	192.86073825503357	0.040268456375838924
GO	287.4225	0.17	192.9010067114094	0.11409395973154364
GET	287.6625	0.26	193.06208053691276	0.174496644295302
ONE	287.9825	0.27	193.2768456375839	0.18120805369127518
NO	288.2525	0.1	193.45805369127515	0.06711409395973154
NO	288.3525	0.23	193.5251677852349	0.15436241610738255
DON'T	288.7025	0.35	193.76006711409394	0.2348993288590604
GET	289.0525	0.13	193.99496644295303	0.087248322147651
UP	289.1825	0.14	194.08221476510067	0.09395973154362416
I	289.3225	0.03	194.17617449664428	0.020134228187919462
GOT	289.5825	0.15	194.3506711409396	0.10067114093959731
A	289.7325	0.03	194.4513422818792	0.020134228187919462
COOL	289.7625	0.35	194.4714765100671	0.2348993288590604
ER	290.1125	0.26	194.7063758389262	0.174496644295302
RIGHT	290.3725	4.17	194.88087248322148	2.7986577181208054
HERE	295.7325	0.1	198.4781879194631	0.06711409395973154
HELLO	295.8325	0.65	198.5453020134228	0.43624161073825507
HEY	296.4825	0.24	198.98154362416108	0.1610738255033557
DO	296.7225	0.08	199.14261744966444	0.053691275167785234
YOU	296.9525	0.06	199.29697986577182	0.040268456375838924
HAVE	297.3125	0.15	199.53859060402684	0.10067114093959731
ANY	297.6425	0.21	199.76006711409394	0.14093959731543623
BEERS	297.8525	0.42	199.90100671140942	0.28187919463087246
WE'RE	298.2725	0.09	200.18288590604027	0.060402684563758385
OUT	298.3625	0.08	200.24328859060404	0.053691275167785234
OF	298.4425	0.09	200.29697986577182	0.060402684563758385
BEERS	298.5325	0.36	200.3573825503356	0.24161073825503354
HELP	300.1525	0.2	201.4446308724832	0.1342281879194631
YOURSELF	300.3525	0.35	201.5788590604027	0.2348993288590604
YOU	302.6525	0.14	203.1224832214765	0.09395973154362416
OKAY	302.7925	0.64	203.21644295302013	0.42953020134228187
PHOEBE	306.6825	0.24	205.8271812080537	0.1610738255033557
MOVED	306.9225	0.27	205.98825503355707	0.18120805369127518
OUT	307.1925	0.21	206.16946308724832	0.14093959731543623
RIGHT	309.4925	0.09	207.71308724832215	0.060402684563758385
I	310.6525	0.16	208.49161073825502	0.10738255033557047
DON'T	312.4425	0.11	209.69295302013424	0.0738255033557047
UNDERSTAND	312.5525	0.79	209.76677852348993	0.5302013422818792
AM	314.6925	0.3	211.20302013422818	0.20134228187919462
I	314.9925	0.1	211.40436241610738	0.06711409395973154
SO	315.0925	0.39	211.4714765100671	0.26174496644295303
HARD	315.4825	0.32	211.73322147651007	0.21476510067114093
TO	315.8025	0.11	211.9479865771812	0.0738255033557047
LIVE	315.9125	0.29	212.02181208053693	0.19463087248322147
WITH	316.2025	0.25	212.21644295302013	0.16778523489932887
IS	317.2625	0.21	212.92785234899327	0.14093959731543623
THIS	317.4725	0.25	213.06879194630875	0.16778523489932887
WHY	317.7225	0.12	213.23657718120808	0.08053691275167785
I	317.8425	0.09	213.3171140939597	0.060402684563758385
DON'T	317.9325	0.13	213.3775167785235	0.087248322147651
HAVE	318.0625	0.13	213.46476510067114	0.087248322147651
A	318.1925	0.04	213.5520134228188	0.026845637583892617
BOYFRIEND	318.2325	0.54	213.5788590604027	0.36241610738255037
NO	319.0725	0.81	214.1426174496644	0.5436241610738255
YOU	320.5725	0.36	215.1493288590604	0.24161073825503354
DON'T	320.9325	0.1	215.39093959731545	0.06711409395973154
HAVE	321.0325	0.09	215.45805369127518	0.060402684563758385
A	321.1225	0.03	215.51845637583892	0.020134228187919462
BOYFRIEND	321.1525	0.58	215.53859060402684	0.38926174496644295
BECAUSE	321.7325	0.59	215.9278523489933	0.3959731543624161
I	325.0025	0.12	218.1224832214765	0.08053691275167785
DON'T	325.1225	0.22	218.20302013422818	0.1476510067114094
I	325.5225	0.15	218.4714765100671	0.10067114093959731
DON'T	325.6725	0.27	218.57214765100673	0.18120805369127518
KNOW	325.9425	0.13	218.75335570469798	0.087248322147651
WHY	326.0725	0.27	218.84060402684563	0.18120805369127518
YOU	326.3425	0.06	219.0218120805369	0.040268456375838924
DON'T	326.4025	0.11	219.06208053691273	0.0738255033557047
HAVE	326.5125	0.1	219.13590604026845	0.06711409395973154
A	326.6125	0.05	219.20302013422818	0.03355704697986577
BOYFRIEND	326.6625	0.59	219.23657718120808	0.3959731543624161
YOU	329.0725	0.13	220.85402684563758	0.087248322147651
SHOULD	329.2025	0.58	220.94127516778522	0.38926174496644295
HAVE	329.7825	0.17	221.3305369127517	0.11409395973154364
A	329.9525	0.07	221.4446308724832	0.04697986577181208
BOYFRIEND	330.0225	0.49	221.49161073825502	0.32885906040268453
WELL	331.9825	0.09	222.8070469798658	0.060402684563758385
I	332.0725	0.12	222.86744966442953	0.08053691275167785
THINK	332.1925	0.22	222.9479865771812	0.1476510067114094
SO	332.4125	0.2	223.09563758389262	0.1342281879194631
OH	332.6125	0.2	223.2298657718121	0.1342281879194631
COME	333.0625	1.26	223.53187919463087	0.8456375838926175
HERE	334.3225	0.95	224.37751677852347	0.6375838926174496
COME	335.2725	0.34	225.0151006711409	0.22818791946308728
HERE	335.7625	0.36	225.3439597315436	0.24161073825503354
LISTEN	340.6825	0.23	228.64597315436242	0.15436241610738255
YOU	341.8725	0.64	229.44463087248323	0.42953020134228187
ARE	342.5825	0.05	229.9211409395973	0.03355704697986577
ONE	342.6325	0.22	229.95469798657717	0.1476510067114094
OF	342.8525	0.09	230.10234899328862	0.060402684563758385
MY	342.9425	0.06	230.16275167785236	0.040268456375838924
FAVORITE	343.0025	0.32	230.20302013422818	0.21476510067114093
PEOPLE	343.3225	0.42	230.41778523489933	0.28187919463087246
AND	344.0925	0.51	230.93456375838923	0.3422818791946309
THE	344.7825	0.09	231.39765100671144	0.060402684563758385
MOST	344.8725	0.24	231.45805369127518	0.1610738255033557
BEAUTIFUL	345.1125	1.34	231.61912751677852	0.8993288590604027
WOMAN	346.4525	0.49	232.51845637583892	0.32885906040268453
I'VE	346.9425	0.21	232.84731543624162	0.14093959731543623
EVER	347.9525	2.11	233.52516778523488	1.4161073825503354
KNOWN	350.1625	4.26	235.00838926174498	2.859060402684564
IN	362.2525	0.13	243.1224832214765	0.087248322147651
REAL	362.3825	0.31	243.20973154362414	0.2080536912751678
LIFE	363.3025	0.2	243.8271812080537	0.1342281879194631
OH	363.7225	0.06	244.10906040268458	0.040268456375838924
HI	363.7825	1.89	244.14932885906043	1.268456375838926
WHERE	365.7425	0.26	245.46476510067114	0.174496644295302
IS	366.0025	0.19	245.63926174496643	0.12751677852348994
EVERYBODY	366.1925	0.69	245.76677852348993	0.4630872483221476
OH	367.6125	0.18	246.71979865771814	0.12080536912751677
IT'S	368.1425	0.12	247.07550335570468	0.08053691275167785
ALREADY	368.2625	0.32	247.15604026845637	0.21476510067114093
CLOSED	368.5825	0.56	247.3708053691275	0.37583892617449666
CHRIS	369.1425	0.22	247.746644295302	0.1476510067114094
GAVE	369.3625	0.14	247.89429530201343	0.09395973154362416
ME	369.5025	0.07	247.98825503355704	0.04697986577181208
THE	369.5725	0.12	248.03523489932886	0.08053691275167785
KEYS	369.6925	0.35	248.11577181208054	0.2348993288590604
TO	370.0425	0.09	248.35067114093962	0.060402684563758385
LOCK	370.1325	0.37	248.41107382550337	0.2483221476510067
UP	370.5025	0.08	248.65939597315437	0.053691275167785234
WHAT	370.6525	0.24	248.76006711409394	0.1610738255033557
IS	370.8925	0.26	248.9211409395973	0.174496644295302
WRONG	371.1525	0.65	249.0956375838926	0.43624161073825507
MY	371.9725	0.13	249.64597315436242	0.087248322147651
MARRI	372.1025	0.62	249.7332214765101	0.4161073825503356
I	372.7225	0.1	250.14932885906043	0.06711409395973154
THINK	372.8225	0.34	250.21644295302013	0.22818791946308728
MY	373.1625	0.11	250.44463087248323	0.0738255033557047
MARRIAGE	373.2725	0.66	250.51845637583892	0.4429530201342282
IS	373.9325	0.27	250.96140939597316	0.18120805369127518
UM	374.2025	0.29	251.1426174496644	0.19463087248322147
IS	375.2125	0.12	251.8204697986577	0.08053691275167785
KIND	375.3325	0.23	251.9010067114094	0.15436241610738255
OF	375.5625	0.13	252.05536912751677	0.087248322147651
OVER	375.6925	0.36	252.14261744966444	0.24161073825503354
OH	376.9225	0.07	252.96812080536913	0.04697986577181208
NO	377.0325	0.6	253.04194630872485	0.40268456375838924
WHY	377.9125	0.45	253.6325503355705	0.30201342281879195
BECAUSE	379.0325	0.24	254.3842281879195	0.1610738255033557
CAROL'S	379.2725	0.44	254.5453020134228	0.2953020134228188
A	379.7125	0.03	254.84060402684563	0.020134228187919462
LESBIAN	379.7425	0.79	254.86073825503357	0.5302013422818792
AND	380.8025	3.7	255.57214765100673	2.4832214765100673
AND	384.5025	0.52	258.05536912751677	0.348993288590604
I'M	385.6725	0.21	258.84060402684565	0.14093959731543623
NOT	385.8825	0.43	258.9815436241611	0.2885906040268456
ONE	386.3125	0.38	259.27013422818794	0.2550335570469799
AND	386.6925	3.76	259.5251677852349	2.523489932885906
APPARENTLY	391.1525	0.64	262.5184563758389	0.42953020134228187
IT'S	391.7925	0.13	262.9479865771812	0.087248322147651
NOT	391.9225	0.19	263.0352348993289	0.12751677852348994
A	392.1125	0.03	263.1627516778524	0.020134228187919462
MIX	392.1425	0.4	263.18288590604027	0.2684563758389262
AND	392.5425	0.15	263.4513422818792	0.10067114093959731
MATCH	392.6925	0.31	263.5520134228188	0.2080536912751678
SITUATION	393.0025	0.85	263.76006711409394	0.5704697986577181
OH	393.8525	0.07	264.3305369127517	0.04697986577181208
MY	393.9225	1.34	264.3775167785235	0.8993288590604027
GOD	395.2625	0.58	265.2768456375839	0.38926174496644295
I	397.7525	0.12	266.9479865771812	0.08053691275167785
DON'T	397.8725	0.17	267.02852348993287	0.11409395973154364
BELIEVE	398.0425	0.52	267.14261744966444	0.348993288590604
IT	398.5625	0.32	267.491610738255	0.21476510067114093
OH	400.3625	0.41	268.69966442953023	0.2751677852348993
YOU	400.8625	0.07	269.0352348993289	0.04697986577181208
POOR	400.9325	0.32	269.0822147651007	0.21476510067114093
BUNNY	401.3025	0.46	269.3305369127517	0.3087248322147651
I'M	402.2725	0.12	269.9815436241611	0.08053691275167785
AN	404.0125	0.17	271.1493288590604	0.11409395973154364
IDIOT	404.2125	0.56	271.28355704697987	0.37583892617449666
I	405.5725	0.03	272.1963087248322	0.020134228187919462
MEAN	405.6025	0.62	272.21644295302013	0.4161073825503356
I	406.2225	0.09	272.6325503355705	0.060402684563758385
SHOULD	406.3125	0.2	272.6929530201342	0.1342281879194631
HAVE	406.5125	0.09	272.8271812080537	0.060402684563758385
SEEN	406.6025	0.46	272.88758389261744	0.3087248322147651
IT	407.0625	0.09	273.1963087248322	0.060402684563758385
I	407.8525	0.07	273.72651006711413	0.04697986577181208
MEAN	407.9225	0.19	273.7734899328859	0.12751677852348994
CAROL	408.1125	0.42	273.9010067114094	0.28187919463087246
AND	408.5325	0.09	274.18288590604027	0.060402684563758385
I'D	408.6225	0.15	274.24328859060404	0.10067114093959731
BE	408.7725	0.17	274.34395973154363	0.11409395973154364
OUT	408.9425	0.33	274.45805369127515	0.2214765100671141
AND	409.2725	0.14	274.6795302013423	0.09395973154362416
SHE'D	409.4125	0.34	274.7734899328859	0.22818791946308728
SEE	410.3325	0.23	275.3909395973154	0.15436241610738255
SOME	410.5625	0.28	275.5453020134228	0.18791946308724833
BEAUTIFUL	410.8425	0.53	275.73322147651004	0.3557046979865772
WOMAN	411.3725	0.51	276.08892617449663	0.3422818791946309
AND	412.0225	0.22	276.5251677852349	0.1476510067114094
AND	413.4925	0.31	277.51174496644296	0.2080536912751678
SHE'D	413.8025	0.25	277.7197986577181	0.16778523489932887
BE	414.0525	0.07	277.88758389261744	0.04697986577181208
YOU	414.1225	0.18	277.9345637583893	0.12080536912751677
KNOW	414.5525	0.17	278.2231543624161	0.11409395973154364
ROSS	414.7225	0.34	278.3372483221477	0.22818791946308728
LOOK	415.0625	0.49	278.5654362416107	0.32885906040268453
AT	415.5525	0.07	278.8942953020134	0.04697986577181208
HER	415.6225	0.4	278.94127516778525	0.2684563758389262
AND	416.8525	0.12	279.76677852348996	0.08053691275167785
I'D	416.9725	0.21	279.8473154362416	0.14093959731543623
THINK	417.1825	0.76	279.98825503355704	0.5100671140939598
GOD	419.0725	0.38	281.25671140939596	0.2550335570469799
MY	419.4525	0.16	281.51174496644296	0.10738255033557047
WIFE	419.6125	0.3	281.6191275167785	0.20134228187919462
IS	419.9125	0.24	281.8204697986577	0.1610738255033557
COOL	420.1725	0.42	281.99496644295306	0.28187919463087246
OH	420.5925	0.03	282.2768456375839	0.020134228187919462
HEY	420.6225	0.13	282.2969798657718	0.087248322147651
DO	420.7525	0.06	282.38422818791946	0.040268456375838924
YOU	420.8625	0.08	282.45805369127515	0.053691275167785234
THINK	420.9425	0.16	282.51174496644296	0.10738255033557047
THAT	421.1025	7.93	282.6191275167785	5.322147651006711
SUSAN	429.0325	0.46	287.94127516778525	0.3087248322147651
PERSON	429.4925	0.35	288.25	0.2348993288590604
IS	429.8425	0.11	288.48489932885906	0.0738255033557047
HER	429.9525	0.08	288.55872483221475	0.053691275167785234
LOVER	430.0325	0.43	288.61241610738256	0.2885906040268456
WELLNOWI	434.4325	0.79	291.56543624161077	0.5302013422818792
DO	435.2225	0.21	292.09563758389265	0.14093959731543623
OH	435.4325	0.23	292.2365771812081	0.15436241610738255
GOD	435.6625	0.15	292.3909395973155	0.10067114093959731
I'M	435.8125	3.06	292.491610738255	2.053691275167785
SORRY	440.7125	0.18	295.7802013422819	0.12080536912751677
SEVEN	441.7925	0.61	296.505033557047	0.40939597315436244
YEARS	442.4025	0.75	296.91442953020135	0.5033557046979866
I	444.2025	0.08	298.1224832214765	0.053691275167785234
MEAN	444.2825	0.27	298.1761744966443	0.18120805369127518
WE'VE	444.6025	0.1	298.3909395973155	0.06711409395973154
BEEN	444.7525	0.16	298.491610738255	0.10738255033557047
TOGETHER	445.1725	0.67	298.7734899328859	0.44966442953020136
SEVEN	445.8425	0.71	299.2231543624161	0.47651006711409394
YEARS	446.6925	0.7	299.7936241610738	0.4697986577181208
SHE'S	448.0525	0.17	300.7063758389262	0.11409395973154364
THE	448.2225	0.07	300.8204697986577	0.04697986577181208
ONLY	448.2925	0.24	300.86744966442956	0.1610738255033557
WOMAN	448.5325	0.29	301.0285234899329	0.19463087248322147
WHO'S	448.8225	0.2	301.2231543624161	0.1342281879194631
EVER	449.0225	0.18	301.35738255033556	0.12080536912751677
LOVED	449.2025	0.29	301.4781879194631	0.19463087248322147
ME	449.4925	0.28	301.6728187919463	0.18791946308724833
SHE'S	451.0225	0.09	302.6996644295302	0.060402684563758385
THE	451.1125	0.07	302.76006711409394	0.04697986577181208
ONLY	451.1825	0.2	302.8070469798658	0.1342281879194631
WOMAN	451.3825	0.54	302.94127516778525	0.36241610738255037
I	451.9225	0.03	303.3036912751678	0.020134228187919462
I'VE	452.1525	0.19	303.45805369127515	0.12751677852348994
EVER	452.3425	0.29	303.58557046979865	0.19463087248322147
OH	454.4025	0.16	304.9681208053691	0.10738255033557047
OH	454.5625	0.06	305.0755033557047	0.040268456375838924
ROSS	455.0125	0.75	305.3775167785235	0.5033557046979866
OH	455.8725	0.21	305.9546979865772	0.14093959731543623
MMM	459.8225	0.69	308.6057046979866	0.4630872483221476
THIS	460.5125	0.37	309.0687919463087	0.2483221476510067
IS	460.8825	0.12	309.31711409395973	0.08053691275167785
NICE	461.0025	0.74	309.3976510067114	0.4966442953020134
I	462.5725	0.03	310.4513422818792	0.020134228187919462
KNOW	462.6025	0.38	310.47147651006713	0.2550335570469799
IT	462.9825	0.11	310.72651006711413	0.0738255033557047
IS	463.0925	0.29	310.80033557046977	0.19463087248322147
ISN'T	463.3825	0.41	310.994966442953	0.2751677852348993
IT	466.0325	0.06	312.7734899328859	0.040268456375838924
NO	466.1425	0.14	312.8473154362416	0.09395973154362416
I	466.2825	0.08	312.94127516778525	0.053691275167785234
MEAN	466.3625	0.29	312.99496644295306	0.19463087248322147
IT	466.6525	0.09	313.18959731543623	0.060402684563758385
THIS	466.7425	0.25	313.25	0.16778523489932887
FEELS	466.9925	0.4	313.4177852348993	0.2684563758389262
REALLY	467.4525	0.39	313.7265100671141	0.26174496644295303
GOOD	468.0725	0.36	314.14261744966444	0.24161073825503354
IS	471.2725	0.16	316.2902684563758	0.10738255033557047
IT	471.4325	0.06	316.39765100671144	0.040268456375838924
100	471.4925	0.64	316.43791946308727	0.42953020134228187
COTTON	472.1325	0.39	316.8674496644295	0.26174496644295303
YEAH	472.8825	3.47	317.37080536912754	2.3288590604026846
AND	477.4225	0.45	320.4177852348993	0.30201342281879195
I	478.3425	0.1	321.0352348993288	0.06711409395973154
GOT	478.4425	0.17	321.1023489932886	0.11409395973154364
IT	478.6125	0.06	321.21644295302013	0.040268456375838924
ON	478.6725	0.17	321.25671140939596	0.11409395973154364
SALE	478.8425	0.34	321.3708053691275	0.22818791946308728
TOO	479.1825	0.35	321.59899328859063	0.2348993288590604
I	479.8525	1.03	322.0486577181208	0.6912751677852349
MEAN	480.8825	0.29	322.73993288590606	0.19463087248322147
IT	481.1725	0.14	322.9345637583893	0.09395973154362416
LOOKS	481.3125	0.36	323.02852348993287	0.24161073825503354
NUBBY	481.6725	0.57	323.27013422818794	0.38255033557046975
BUT	482.2425	1.88	323.6526845637584	1.261744966442953
BUT	484.1225	0.21	324.91442953020135	0.14093959731543623
IT'S	484.3325	0.24	325.05536912751677	0.1610738255033557
NOT	484.5725	0.45	325.21644295302013	0.30201342281879195
ANYWAY	485.3925	2.55	325.7667785234899	1.7114093959731542
I	487.9425	0.07	327.4781879194631	0.04697986577181208
SHOULD	488.0125	0.23	327.5251677852349	0.15436241610738255
GO	488.4425	0.2	327.81375838926175	0.1342281879194631
ONE	488.6425	0.14	327.9479865771812	0.09395973154362416
OF	488.7825	0.06	328.04194630872485	0.040268456375838924
THE	488.8425	0.06	328.0822147651007	0.040268456375838924
LIFEGUARDS	488.9025	0.51	328.1224832214765	0.3422818791946309
WAS	489.4125	0.24	328.4647651006712	0.1610738255033557
JUST	489.7225	0.24	328.6728187919463	0.1610738255033557
ABOUT	489.9625	0.22	328.83389261744964	0.1476510067114094
TO	490.1825	0.06	328.9815436241611	0.040268456375838924
DISMANTLE	490.2425	0.51	329.0218120805369	0.3422818791946309
A	490.7525	0.03	329.3640939597315	0.020134228187919462
NUCLEAR	490.7825	0.44	329.38422818791946	0.2953020134228188
DEVICE	491.2225	0.52	329.6795302013423	0.348993288590604
IF	491.7425	0.08	330.02852348993287	0.053691275167785234
YOU	491.8425	0.06	330.0956375838926	0.040268456375838924
WANT	492.1025	0.19	330.27013422818794	0.12751677852348994
TO	492.2925	0.07	330.39765100671144	0.04697986577181208
GET	492.3625	1.68	330.44463087248323	1.1275167785234899
A	494.0425	0.19	331.57214765100673	0.12751677852348994
DRINK	494.2325	0.5	331.69966442953023	0.33557046979865773
LATER	494.7325	0.25	332.0352348993289	0.16778523489932887
WE	494.9825	0.2	332.2030201342282	0.1342281879194631
CAN	495.4525	0.26	332.5184563758389	0.174496644295302
YEAH	495.8125	0.24	332.76006711409394	0.1610738255033557
THAT	496.0525	0.17	332.9211409395973	0.11409395973154364
SOUNDS	496.2225	0.24	333.0352348993289	0.1610738255033557
GREAT	496.4625	0.23	333.1963087248322	0.15436241610738255
OKAY	497.1525	0.21	333.65939597315435	0.14093959731543623
OH	498.5125	0.27	334.57214765100673	0.18120805369127518
AND	498.7825	0.23	334.753355704698	0.15436241610738255
LISTEN	499.0625	0.3	334.94127516778525	0.20134228187919462
IT'S	499.3625	0.38	335.14261744966444	0.2550335570469799
IT'S	500.1925	0.17	335.6996644295302	0.11409395973154364
GOING	500.3625	0.17	335.81375838926175	0.11409395973154364
TO	500.5325	0.09	335.9278523489933	0.060402684563758385
BE	500.6225	0.23	335.98825503355704	0.15436241610738255
I	500.8525	0.14	336.14261744966444	0.09395973154362416
KNOW	500.9925	0.17	336.2365771812081	0.11409395973154364
THANKS	502.7725	0.35	337.43120805369125	0.2348993288590604
MAYBE	504.5625	3.88	338.6325503355705	2.6040268456375837
THIS	508.4425	0.23	341.2365771812081	0.15436241610738255
WOULDN'T	508.6725	0.35	341.3909395973154	0.2348993288590604
HAVE	509.0225	0.19	341.6258389261745	0.12751677852348994
HAPPENED	509.2125	0.23	341.753355704698	0.15436241610738255
IF	509.4425	0.17	341.9077181208054	0.11409395973154364
I'D	509.6125	0.18	342.0218120805369	0.12080536912751677
BEEN	509.7925	0.17	342.14261744966444	0.11409395973154364
MORE	509.9625	0.37	342.25671140939596	0.2483221476510067
NURTURING	510.3325	0.96	342.50503355704694	0.6442953020134228
OR	511.2925	0.13	343.1493288590604	0.087248322147651
I'D	512.7925	0.24	344.15604026845637	0.1610738255033557
PAID	513.5525	0.25	344.66610738255036	0.16778523489932887
MORE	513.8025	0.26	344.8338926174497	0.174496644295302
ATTENTION	514.0625	0.82	345.008389261745	0.5503355704697986
OR	514.8825	0.28	345.5587248322148	0.18791946308724833
I'D	515.1625	0.26	345.746644295302	0.174496644295302
HAD	516.6725	0.27	346.76006711409394	0.18120805369127518
A	516.9425	0.03	346.94127516778525	0.020134228187919462
UTERUS	516.9725	0.67	346.96140939597313	0.44966442953020136
I	517.9425	0.03	347.61241610738256	0.020134228187919462
CAN'T	517.9725	3.05	347.63255033557044	2.046979865771812
BELIEVE	521.0225	0.33	349.6795302013423	0.2214765100671141
IT	521.3525	0.32	349.90100671140937	0.21476510067114093
NO	521.8125	0.3	350.2097315436242	0.20134228187919462
NO	522.1125	0.27	350.4110738255033	0.18120805369127518
YOU	522.3825	0.09	350.5922818791947	0.060402684563758385
KNOW	522.4725	0.12	350.6526845637584	0.08053691275167785
YOU	522.5925	0.15	350.73322147651004	0.10067114093959731
DON'T	522.7425	0.24	350.83389261744964	0.1610738255033557
DESERVE	522.9825	0.35	350.994966442953	0.2348993288590604
THIS	523.3325	0.37	351.22986577181206	0.2483221476510067
YOU	523.7025	0.1	351.4781879194631	0.06711409395973154
DON'T	523.8025	0.49	351.5453020134228	0.32885906040268453
ROSS	524.2925	0.45	351.8741610738255	0.30201342281879195
YOU'RE	524.7425	0.11	352.17617449664425	0.0738255033557047
YOU'RE	524.8925	0.19	352.2768456375839	0.12751677852348994
REALLY	525.0825	0.51	352.40436241610735	0.3422818791946309
YOU'RE	526.0225	0.1	353.0352348993289	0.06711409395973154
SO	526.1225	0.26	353.10234899328856	0.174496644295302
GOOD	526.4625	0.32	353.33053691275165	0.21476510067114093
THANKS	527.0425	0.65	353.7197986577181	0.43624161073825507
AND	527.6925	0.38	354.15604026845637	0.2550335570469799
YOU'RE	528.0725	0.16	354.41107382550337	0.10738255033557047
SO	528.2325	0.16	354.5184563758389	0.10738255033557047
SWEET	528.8625	0.75	354.9412751677852	0.5033557046979866
AND	529.6125	0.15	355.4446308724832	0.10067114093959731
THANKS	529.7625	0.52	355.5453020134228	0.348993288590604
YOU'RE	530.5225	0.25	356.0553691275168	0.16778523489932887
KIND	530.7725	0.48	356.22315436241615	0.3221476510067114
AND	532.6025	0.28	357.4513422818792	0.18791946308724833
THANKS	539.0525	2.79	361.7802013422819	1.8724832214765101
COME	543.0225	0.35	364.44463087248323	0.2348993288590604
HERE	544.4625	1.12	365.41107382550337	0.7516778523489933
WAIT	546.2425	0.32	366.60570469798654	0.21476510067114093
WAIT	547.9625	0.31	367.76006711409394	0.2080536912751678
WAIT	548.2725	0.14	367.96812080536915	0.09395973154362416
WAIT	548.4125	0.15	368.0620805369128	0.10067114093959731
WAIT	548.5625	0.21	368.1627516778523	0.14093959731543623
WAIT	548.7725	0.29	368.3036912751678	0.19463087248322147
HUH	549.6225	10.64	368.87416107382546	7.140939597315437
OKAY	560.6725	0.25	376.2902684563758	0.16778523489932887
IT'S	561.2325	1.03	376.6661073825503	0.6912751677852349
OKAY	562.2625	0.23	377.3573825503356	0.15436241610738255
OH	562.4925	0.03	377.5117449664429	0.020134228187919462
WAIT	562.5225	0.22	377.5318791946309	0.1476510067114094
WAIT	562.7425	0.23	377.67953020134223	0.15436241610738255
WAIT	562.9725	0.32	377.83389261744964	0.21476510067114093
MY	563.2925	0.18	378.0486577181208	0.12080536912751677
FOOT	563.4725	0.4	378.1694630872483	0.2684563758389262
IS	563.8725	0.1	378.4379194630872	0.06711409395973154
STUCK	563.9725	0.28	378.50503355704694	0.18791946308724833
IN	564.2525	0.06	378.69295302013427	0.040268456375838924
THE	564.3125	0.07	378.7332214765101	0.04697986577181208
POCKET	564.3825	0.32	378.78020134228194	0.21476510067114093
WHAT	564.7025	4.1	378.994966442953	2.751677852348993
I	569.0925	0.15	381.9412751677852	0.10067114093959731
CAN'T	569.2425	0.57	382.0419463087248	0.38255033557046975
GET	569.8125	0.7	382.4244966442953	0.4697986577181208
IT	570.6325	0.2	382.9748322147651	0.1342281879194631
OUT	570.8325	0.14	383.1090604026846	0.09395973154362416
THAT'S	571.1125	1.64	383.2969798657718	1.1006711409395973
NOT	572.7525	0.68	384.39765100671144	0.45637583892617456
SOMETHING	573.4325	1.03	384.8540268456376	0.6912751677852349
A	574.6725	0.13	385.68624161073825	0.087248322147651
GIRL	574.9725	0.41	385.88758389261744	0.2751677852348993
WANTS	575.3825	0.49	386.1627516778524	0.32885906040268453
TO	576.7125	0.16	387.05536912751677	0.10738255033557047
HEAR	576.8725	0.12	387.1627516778523	0.08053691275167785
DON'T	576.9925	0.38	387.243288590604	0.2550335570469799
START	577.3725	0.24	387.498322147651	0.1610738255033557
OKAY	577.6125	0.43	387.65939597315435	0.2885906040268456
OW	578.1325	2.76	388.008389261745	1.8523489932885904
WHAT	580.8925	5.14	389.8607382550336	3.449664429530201
STUPID	586.8025	1.27	393.8271812080537	0.8523489932885906
BALLS	588.4325	0.25	394.9211409395973	0.16778523489932887
ARE	588.6825	0.03	395.08892617449663	0.020134228187919462
IN	589.3225	0.62	395.5184563758389	0.4161073825503356
THE	592.5425	2.69	397.6795302013423	1.8053691275167785
WAY	596.4125	0.09	400.2768456375839	0.060402684563758385
OH	596.5525	0.07	400.37080536912754	0.04697986577181208
WELL	597.7625	0.47	401.1828859060403	0.31543624161073824
IT	600.1725	0.25	402.8003355704698	0.16778523489932887
PROBABLY	600.4225	0.57	402.96812080536915	0.38255033557046975
WOULDN'T	600.9925	0.25	403.35067114093954	0.16778523489932887
HAVE	601.2425	0.09	403.5184563758389	0.060402684563758385
BEEN	601.3325	0.12	403.5788590604027	0.08053691275167785
THE	601.4525	0.06	403.65939597315435	0.040268456375838924
MOST	601.5125	0.28	403.69966442953023	0.18791946308724833
CONSTRUCTIVE	601.7925	0.61	403.88758389261744	0.40939597315436244
SOLUTION	602.4025	0.58	404.29697986577185	0.38926174496644295
YOU	602.9825	0.17	404.68624161073825	0.11409395973154364
HAVE	605.1325	0.13	406.1291946308725	0.087248322147651
CHALK	605.2925	0.33	406.2365771812081	0.2214765100671141
ON	605.6225	0.11	406.45805369127515	0.0738255033557047
YOUR	605.7325	0.13	406.53187919463085	0.087248322147651
FACE	605.8625	0.38	406.6191275167785	0.2550335570469799
OH	608.3425	0.08	408.28355704697987	0.053691275167785234
ROSS	609.1225	0.3	408.80704697986573	0.20134228187919462
YOU'RE	609.4225	0.17	409.008389261745	0.11409395973154364
RIGHT	609.5925	0.28	409.1224832214765	0.18791946308724833
I	609.8725	0.1	409.3104026845637	0.06711409395973154
DON'T	609.9725	0.1	409.37751677852344	0.06711409395973154
KNOW	610.0725	0.12	409.44463087248323	0.08053691275167785
WHY	610.1925	0.23	409.5251677852349	0.15436241610738255
I	610.4225	0.06	409.6795302013423	0.040268456375838924
ALWAYS	610.4825	0.21	409.7197986577181	0.14093959731543623
THOUGHT	610.7525	0.19	409.9010067114094	0.12751677852348994
THIS	610.9425	0.23	410.02852348993287	0.15436241610738255
WAS	611.1725	0.18	410.18288590604027	0.12080536912751677
REAL	611.3525	0.2	410.30369127516775	0.1342281879194631
GRASS	611.5525	3.79	410.43791946308727	2.5436241610738257
HONEY	615.3425	2.5	412.9815436241611	1.6778523489932886
YOU	619.7925	0.31	415.96812080536915	0.2080536912751678
OKAY	620.1025	0.38	416.17617449664425	0.2550335570469799
MY	622.5325	0.13	417.8070469798658	0.087248322147651
WIFE'S	622.6625	0.35	417.89429530201346	0.2348993288590604
A	623.0125	0.04	418.1291946308725	0.026845637583892617
LESBIAN	623.0525	0.71	418.15604026845637	0.47651006711409394
COOL	625.1725	0.94	419.5788590604027	0.6308724832214765
ROSS	626.1125	2.43	420.2097315436241	1.6308724832214767
JOEY	630.6225	0.49	423.236577181208	0.32885906040268453
JOEY	631.1125	0.38	423.5654362416107	0.2550335570469799
ROSS	631.4925	0.41	423.8204697986577	0.2751677852348993
I	632.2825	0.06	424.3506711409396	0.040268456375838924
CAN'T	633.5825	0.51	425.2231543624161	0.3422818791946309
BELIEVE	634.7525	4.0	426.008389261745	2.684563758389262
YOU	641.6125	0.56	430.6124161073825	0.37583892617449666
CAME	642.1725	0.3	430.98825503355704	0.20134228187919462
BACK	642.4725	0.41	431.18959731543623	0.2751677852348993
DON'T	644.4425	0.24	432.51174496644296	0.1610738255033557
SAY	644.6825	0.44	432.6728187919463	0.2953020134228188
ANYTHING	645.1225	0.52	432.9681208053691	0.348993288590604
I	646.9725	0.12	434.2097315436241	0.08053691275167785
DON'T	647.0925	0.09	434.2902684563758	0.060402684563758385
WANT	647.1825	0.13	434.3506711409396	0.087248322147651
TO	647.3125	0.06	434.43791946308727	0.040268456375838924
SPEAK	647.3725	0.69	434.47818791946304	0.4630872483221476
I	648.3725	0.09	435.14932885906035	0.060402684563758385
DON'T	648.4625	0.09	435.2097315436242	0.060402684563758385
WANT	648.5525	0.15	435.27013422818794	0.10067114093959731
TO	648.7025	0.07	435.37080536912754	0.04697986577181208
THINK	648.7725	0.51	435.4177852348994	0.3422818791946309
I	650.3325	0.12	436.4647651006711	0.08053691275167785
JUST	650.4525	0.19	436.5453020134228	0.12751677852348994
WANT	650.6425	0.19	436.6728187919463	0.12751677852348994
YOU	650.8325	0.08	436.80033557046977	0.053691275167785234
TO	650.9125	0.11	436.8540268456376	0.0738255033557047
TAKE	651.0725	0.31	436.96140939597313	0.2080536912751678
ME	651.4225	0.54	437.19630872483225	0.36241610738255037
AND	651.9625	0.14	437.55872483221475	0.09395973154362416
KISS	652.1525	0.44	437.6862416107383	0.2953020134228188
ME	652.5925	0.32	437.9815436241611	0.21476510067114093
AND	652.9125	0.47	438.19630872483225	0.31543624161073824
MAKE	653.6125	0.97	438.6661073825503	0.6510067114093959
LOVE	654.9225	0.12	439.5453020134228	0.08053691275167785
TO	655.4225	0.56	439.8808724832215	0.37583892617449666
ME	656.7525	0.73	440.7734899328859	0.4899328859060403
RIGHT	657.4825	4.08	441.2634228187919	2.738255033557047
HERE	661.5625	1.76	444.001677852349	1.1812080536912752
RIGHT	663.3625	0.2	445.2097315436241	0.1342281879194631
NOW	663.5625	3.16	445.34395973154363	2.120805369127517
RACHEL	666.7225	0.88	447.4647651006711	0.5906040268456376
RACHEL	667.6725	0.17	448.1023489932886	0.11409395973154364
WHAT	668.4225	0.25	448.6057046979866	0.16778523489932887
YOU	668.6725	0.11	448.7734899328859	0.0738255033557047
MISSED	668.9325	0.84	448.9479865771812	0.5637583892617449
THE	669.7725	0.1	449.51174496644296	0.06711409395973154
EXIT	669.8725	0.55	449.57885906040264	0.3691275167785235
OH	670.4725	0.05	449.9815436241611	0.03355704697986577
SORRY	670.5225	0.2	450.01510067114094	0.1342281879194631
MY	670.8425	3.45	450.22986577181206	2.3154362416107386
GOD	674.2925	0.42	452.5453020134228	0.28187919463087246
WHAT	674.7125	0.66	452.8271812080537	0.4429530201342282
WERE	675.3725	0.38	453.2701342281879	0.2550335570469799
YOU	676.7925	0.49	454.2231543624161	0.32885906040268453
THINKING	677.9825	1.87	455.0218120805369	1.25503355704698
ABOUT	680.2125	1.24	456.5184563758389	0.8322147651006712
UM	681.4525	0.95	457.3506711409396	0.6375838926174496
BARRY	682.4025	4.58	457.9882550335571	3.073825503355705
AW	686.9825	0.47	461.06208053691273	0.31543624161073824
AW	687.4525	0.92	461.3775167785235	0.6174496644295302
IT'S	688.3725	0.14	461.994966442953	0.09395973154362416
THE	688.5125	2.94	462.0889261744967	1.9731543624161074
TIME	691.4525	7.06	464.06208053691273	4.738255033557047
OF	698.5125	0.06	468.8003355704698	0.040268456375838924
THE	698.5725	0.06	468.84060402684565	0.040268456375838924
SEASON	698.6325	0.15	468.88087248322154	0.10067114093959731
FOR	698.7825	0.06	468.9815436241611	0.040268456375838924
LOVING	698.8425	0.15	469.0218120805369	0.10067114093959731
