episode	text_per_tr	words_per_tr	onsets_per_tr	durations_per_tr
s04e01b	 to take responsibility	['to', 'take', 'responsibility']	[0.16, 0.32, 0.48]	[0.16, 0.15999999999999998, 0.5]
s04e01b	 for everything that went wrong	['for', 'everything', 'that', 'went', 'wrong']	[1.36, 1.68, 2.1599998, 2.3999999, 2.6399999]	[0.31999999999999984, 0.4799998000000001, 0.24000010000000005, 0.23999999999999977, 0.2400000000000002]
s04e01b	 in our relationship. i	['in', 'our', 'relationship', 'i']	[2.8799999, 3.12, 3.4399998, 4.24]	[0.24000010000000005, 0.3199997999999997, 0.5, 0.16000000000000014]
s04e01b	 mean, she goes on for	['mean', 'she', 'goes', 'on', 'for', '5']	[4.4, 4.72, 4.88, 5.12, 5.2799997, 5.52]	[0.3199999999999994, 0.16000000000000014, 0.2400000000000002, 0.1599997000000002, 0.24000029999999928, 0.40000000000000036]
s04e01b	 five pages about how i	['pages', 'about', 'about', 'how', 'i']	[5.92, 6.3199997, 6.72, 6.96, 7.2]	[0.3999997000000004, 0.4000002999999994, 0.2400000000000002, 0.2400000000000002, 0.1599997000000002]
s04e01b	 was unfaithful to her.	['was', 'unfaithful', 'to', 'her']	[7.3599997, 7.6, 8.24, 8.4]	[0.24000029999999928, 0.5, 0.16000000000000014, 0.5]
s04e01b		[]	[]	[]
s04e01b	 we were on a break!	['we', 'were', 'on', 'a', 'break']	[10.175, 10.495, 10.815001, 11.295, 11.375]	[0.3199999999999985, 0.3200010000000013, 0.4799989999999994, 0.08000000000000007, 0.5]
s04e01b	 oh,	['oh']	[13.055]	[0.2400000000000002]
s04e01b	 my god! if you say	['my', 'god', 'if', 'you', 'say']	[13.295, 13.855, 14.255, 14.415, 14.575001]	[0.5, 0.40000000000000036, 0.15999999999999837, 0.16000100000000117, 0.2400000000000002]
s04e01b	 that one more time i'm going	"['that', 'one', 'more', 'time', ""i'm"", 'gonna']"	[14.815001, 15.055, 15.215, 15.375, 15.695, 15.934999]	[0.23999899999999919, 0.16000000000000014, 0.16000000000000014, 0.3200000000000003, 0.23999899999999919, 0.24000100000000124]
s04e01b	 to break up with	['break', 'up', 'with']	[16.175, 16.415, 16.495]	[0.23999999999999844, 0.08000000000000185, 0.26500000000000057]
s04e01b	 you. fine, fine. but this	['fine', 'but', 'this']	[18.6, 18.84, 19.08]	[0.23999999999999844, 0.23999999999999844, 0.240000000000002]
s04e01b	 breakup was not all my	['breakup', 'was', 'not', 'all', 'my']	[19.32, 19.8, 19.96, 20.2, 20.36]	[0.4800000000000004, 0.16000000000000014, 0.23999999999999844, 0.16000000000000014, 0.240000000000002]
s04e01b	 fault and she says	['fault', 'and', 'she', 'she', 'says']	[20.6, 20.92, 21.16, 21.4, 21.64]	[0.3200000000000003, 0.23999999999999844, 0.23999999999999844, 0.240000000000002, 0.3200000000000003]
s04e01b	" here ""if you accept full"	['here', 'if', 'you', 'accept', 'full']	[21.96, 22.52, 22.76, 22.92, 23.32]	[0.5, 0.240000000000002, 0.16000000000000014, 0.3999999999999986, 0.3200000000000003]
s04e01b	" responsibility..."" full"	['responsibility', 'full']	[23.64, 24.865]	[0.5, 0.3200000000000003]
s04e01b	" responsibility! ""i can begin"	['responsibility', 'i', 'can', 'begin']	[25.185, 26.145, 26.385, 26.545]	[0.5, 0.240000000000002, 0.16000000000000014, 0.23999999999999844]
s04e01b	 to trust you again.	['to', 'trust', 'you', 'again']	[26.785, 27.025, 27.345, 27.585]	[0.23999999999999844, 0.3200000000000003, 0.240000000000002, 0.5]
s04e01b	" ""does that seem like something you"	['does', 'that', 'seem', 'like', 'something', 'you']	[28.305, 28.545, 28.705, 28.945, 29.185, 29.585]	[0.240000000000002, 0.1599999999999966, 0.240000000000002, 0.23999999999999844, 0.40000000000000213, 0.15999899999999911]
s04e01b	 can do? does	['can', 'do', 'does']	[29.744999, 29.985, 31.025]	[0.24000099999999946, 0.5, 0.240000000000002]
s04e01b	" it?!"""	['it']	[31.265]	[0.5]
s04e01b		[]	[]	[]
s04e01b	 no? you have what you want.	"['no', ""that's"", 'not']"	[34.54, 34.9, 35.26]	[0.35999999999999943, 0.35999999999999943, 0.5]
s04e01b		[]	[]	[]
s04e01b	 you have	['look', 'ross', 'you', 'have']	[37.34, 37.82, 38.14, 38.379997]	[0.4799999999999969, 0.3200000000000003, 0.23999700000000246, 0.16000299999999612]
s04e01b	 what you want. you're back with	"['what', 'you', 'want', ""you're"", 'back', 'with']"	[38.54, 38.78, 38.94, 39.42, 39.739998, 39.98]	[0.240000000000002, 0.1599999999999966, 0.480000000000004, 0.31999799999999823, 0.24000199999999694, 0.240000000000002]
s04e01b	 rachel. if you bring this up now	['rachel', 'if', 'you', 'bring', 'this', 'up', 'now']	[40.22, 40.62, 40.699997, 40.86, 41.02, 41.18, 41.42]	[0.3999999999999986, 0.07999700000000587, 0.16000299999999612, 0.1600000000000037, 0.1599999999999966, 0.240000000000002, 0.23999999999999488]
s04e01b	 you will wreck the best thing that	"[""you're"", 'gonna', 'wreck', 'the', 'best', 'thing', 'that']"	[41.66, 41.82, 42.059998, 42.3, 42.46, 42.62, 42.86]	[0.1600000000000037, 0.23999799999999993, 0.24000199999999694, 0.1600000000000037, 0.1599999999999966, 0.240000000000002, 0.240000000000002]
s04e01b	 ever happened to you. yeah,	['ever', 'happened', 'to', 'you', 'yeah', 'i']	[43.1, 43.34, 43.579998, 43.66, 44.145, 44.385002]	[0.240000000000002, 0.23999799999999993, 0.08000199999999325, 0.32500000000000284, 0.24000199999999694, 0.07999800000000334]
s04e01b	 i know. you're	"['know', 'i', 'i', 'know', ""you're""]"	[44.465, 44.945, 45.185, 45.425, 45.745]	[0.4799999999999969, 0.240000000000002, 0.23999999999999488, 0.3200000000000003, 0.240000000000002]
s04e01b	 right.	['right']	[45.985]	[0.5]
s04e01b	 yeah, i guess	['yeah', 'i', 'guess']	[48.545002, 48.865, 48.945]	[0.31999800000000533, 0.0799999999999983, 0.1599999999999966]
s04e01b	 i'll let it go. but you... you	"[""i'll"", 'let', 'it', 'go', 'but', 'you', 'you']"	[49.105, 49.345, 49.505, 49.585, 49.905, 50.225, 50.385002]	[0.240000000000002, 0.1600000000000037, 0.0799999999999983, 0.3200000000000003, 0.3200000000000003, 0.16000199999999865, 0.23999799999999993]
s04e01b	 understand how hard	['understand', 'stan', 'how', 'how', 'hard']	[50.625, 51.08, 51.48, 51.72, 51.96]	[0.375, 0.3999999999999986, 0.240000000000002, 0.240000000000002, 0.1599999999999966]
s04e01b	 it is to forget about this.	['it', 'is', 'to', 'forget', 'about', 'this']	[52.12, 52.28, 52.52, 52.6, 52.84, 53.16]	[0.1600000000000037, 0.240000000000002, 0.0799999999999983, 0.240000000000002, 0.3199999999999932, 0.4000000000000057]
s04e01b	 sure, it's hard to forget	"['sure', ""it's"", 'hard', 'to', 'forget']"	[53.56, 53.96, 54.12, 54.36, 54.52]	[0.3999999999999986, 0.1599999999999966, 0.240000000000002, 0.1600000000000037, 0.5]
s04e01b	 but that doesn't mean you have to	"['but', 'that', ""doesn't"", 'mean', 'you', 'have', 'to']"	[55.08, 55.32, 55.48, 55.72, 55.96, 56.12, 56.28]	[0.240000000000002, 0.1599999999999966, 0.240000000000002, 0.240000000000002, 0.1599999999999966, 0.1600000000000037, 0.0799999999999983]
s04e01b	 talk about it.	['talk', 'about', 'it']	[56.36, 56.68, 57.0]	[0.3200000000000003, 0.3200000000000003, 0.5]
s04e01b	 a lot of	['a', 'lot', 'of']	[59.035, 59.274998, 59.434998]	[0.23999799999999993, 0.1600000000000037, 0.08000200000000035]
s04e01b	 things happened on that trip that	['things', 'happened', 'on', 'that', 'trip', 'that']	[59.515, 59.835, 60.234997, 60.394997, 60.554996, 60.795]	[0.3200000000000003, 0.39999699999999905, 0.1599999999999966, 0.15999900000000622, 0.240003999999999, 0.15999800000000164]
s04e01b	 we should never, ever	['we', 'should', 'never', 'ever']	[60.954998, 61.114998, 61.355, 61.754997]	[0.1599999999999966, 0.24000199999999694, 0.39999700000000615, 0.5]
s04e01b	 talk about.	['talk', 'about']	[63.195, 63.515]	[0.3200000000000003, 0.5]
s04e01b		[]	[]	[]
s04e01b		[]	[]	[]
s04e01b	 what the hell happened	['what', 'the', 'hell', 'happened']	[67.33, 67.49, 67.73, 67.89]	[0.1599999999999966, 0.2400000000000091, 0.1599999999999966, 0.480000000000004]
s04e01b	 on that beach?	['on', 'that', 'beach']	[68.37, 68.61, 68.93]	[0.23999999999999488, 0.3200000000000074, 0.5]
s04e01b		[]	[]	[]
s04e01b	 it's between us and	"[""it's"", 'between', 'us', 'and']"	[71.25, 71.57, 72.13, 72.53]	[0.3199999999999932, 0.5, 0.4000000000000057, 0.3199999999999932]
s04e01b	 the sea, ross.	['the', 'sea', 'ross']	[72.85, 73.01, 73.57]	[0.1600000000000108, 0.5, 0.5]
s04e01b		[]	[]	[]
s04e01b		[]	[]	[]
s04e01b		[]	[]	[]
s04e01b		[]	[]	[]
s04e01b		[]	[]	[]
s04e01b		[]	[]	[]
s04e01b	 hi, ursula.	['hi', 'ursula']	[83.604996, 84.005]	[0.4000039999999956, 0.5]
s04e01b	 hey.	['hey']	[85.3]	[0.5]
s04e01b	 okay, well, i	['okay', 'well', 'i']	[86.74, 86.979996, 87.62]	[0.23999600000000498, 0.4000039999999956, 0.1599999999999966]
s04e01b	 know that we haven't talked in a	"['know', 'that', 'we', ""haven't"", 'talked', 'in', 'a']"	[87.78, 87.94, 88.18, 88.26, 88.659996, 88.9, 89.14]	[0.1599999999999966, 0.2400000000000091, 0.0799999999999983, 0.3999960000000016, 0.240003999999999, 0.23999999999999488, 0.1599999999999966]
s04e01b	 long time but,	['long', 'time', 'but']	[89.3, 89.46, 89.7]	[0.1599999999999966, 0.2400000000000091, 0.3199999999999932]
s04e01b	 um, okay... our mom is not our birth	['okay', 'our', 'mom', 'is', 'not', 'our', 'birth']	[90.5, 90.979996, 91.22, 91.54, 91.78, 91.94, 92.1]	[0.47999599999999987, 0.240003999999999, 0.3200000000000074, 0.23999999999999488, 0.1599999999999966, 0.1599999999999966, 0.2400000000000091]
s04e01b	 mom. this other	['mom', 'this', 'this', 'other']	[92.34, 93.01501, 93.255005, 93.33501]	[0.5, 0.2399949999999933, 0.08000499999999988, 0.4799900000000008]
s04e01b	 lady is our birth	['lady', 'is', 'our', 'birth']	[93.815, 94.215004, 94.455, 94.615005]	[0.4000039999999956, 0.23999600000000498, 0.16000499999999818, 0.3200000000000074]
s04e01b	 mom. right. okay. the one that	['mom', 'right', 'okay', 'the', 'one', 'that']	[94.935005, 95.735, 95.975006, 96.295006, 96.375, 96.615005]	[0.5, 0.24000599999999395, 0.3200000000000074, 0.07999399999999923, 0.24000499999999647, 0.07999499999999671]
s04e01b	 lives in montauk.	['lives', 'in', 'montauk']	[96.695, 96.935005, 97.175]	[0.24000500000001068, 0.2399949999999933, 0.5]
s04e01b	 mm hmm. you know	['mhmm', 'you', 'know']	[99.255005, 99.33501, 99.495]	[0.08000499999999988, 0.15999000000000763, 0.23999999999999488]
s04e01b	 her? no. i,	['her', 'no', 'i']	[99.735, 100.450005, 100.770004]	[0.5, 0.3199989999999957, 0.3999960000000016]
s04e01b	 um, i read about her in mom's	"['i', 'read', 'about', 'her', 'in', ""mom's""]"	[101.49, 101.57, 101.81, 102.05, 102.29, 102.45]	[0.0799999999999983, 0.2400000000000091, 0.23999999999999488, 0.2400000000000091, 0.1599999999999966, 0.3200039999999973]
s04e01b	 suicide note.	['suicide', 'note']	[102.770004, 103.25]	[0.47999599999999987, 0.5]
s04e01b	 there was a suicide	['there', 'there', 'was', 'a', 'suicide']	[104.37, 104.53, 104.85, 105.01, 105.17]	[0.1599999999999966, 0.3199999999999932, 0.1600000000000108, 0.1599999999999966, 0.5]
s04e01b	 note?	['note']	[105.73]	[0.5]
s04e01b	 do you still have it?	['do', 'you', 'still', 'have', 'it']	[107.33, 107.57, 107.65, 107.97, 108.21]	[0.23999999999999488, 0.0800000000000125, 0.3199999999999932, 0.23999999999999488, 0.4750000000000085]
s04e01b	 hang	['hang']	[109.884995]	[0.24000499999999647]
s04e01b	 on.	['on']	[110.125]	[0.5]
s04e01b		[]	[]	[]
s04e01b	 i can't believe you	"['i', ""can't"", 'believe', 'you']"	[113.485, 113.725, 113.965, 114.284996]	[0.23999999999999488, 0.2400000000000091, 0.3199960000000033, 0.23999799999999993]
s04e01b	 didn't tell me there was a suicide	"[""didn't"", 'tell', 'me', 'there', 'was', 'a', 'suicide']"	[114.524994, 114.765, 114.924995, 115.165, 115.325, 115.485, 115.645]	[0.24000599999999395, 0.159994999999995, 0.24000500000001068, 0.1599999999999966, 0.1599999999999966, 0.1599999999999966, 0.5]
s04e01b	 note. yeah. so how have	['note', 'yeah', 'so', 'how', 'have']	[116.204994, 116.685, 117.085, 117.244995, 117.405]	[0.48000600000000304, 0.3999999999999915, 0.1599950000000092, 0.16000499999999818, 0.159994999999995]
s04e01b	 you been doing?	['you', 'been', 'doing']	[117.564995, 117.725, 117.965]	[0.16000499999999818, 0.2400000000000091, 0.5]
s04e01b	 i've...	"[""i've""]"	[119.159996]	[0.5]
s04e01b	 uh... shut up.	['shut', 'up']	[120.439995, 120.759995]	[0.3200000000000074, 0.5]
s04e01b		[]	[]	[]
s04e01b		[]	[]	[]
s04e01b	" ""good bye,"	['goodbye']	[126.245]	[0.4000039999999956]
s04e01b	" phoebe and ursula. ""i'll"	"['phoebe', 'and', 'ursula', ""i'll""]"	[126.645004, 126.965004, 127.205, 127.765]	[0.3199999999999932, 0.23999600000000498, 0.5, 0.23999999999999488]
s04e01b	 miss you. p.s. your	['miss', 'you', 'ps', 'your']	[128.005, 128.245, 129.045, 129.445]	[0.2400000000000091, 0.5, 0.4000000000000057, 0.1599999999999966]
s04e01b	" mom lives in montauk."""	['mom', 'lives', 'in', 'montauk']	[129.605, 129.845, 130.085, 130.325]	[0.2400000000000091, 0.2400000000000091, 0.23999999999998067, 0.5]
s04e01b		[]	[]	[]
s04e01b	 you just wrote	['i', 'just', 'wrote']	[132.885, 133.125, 133.525]	[0.2400000000000091, 0.4000000000000057, 0.3199999999999932]
s04e01b	 this!	['this']	[133.845]	[0.5]
s04e01b	 well, it's pretty much	"['well', ""it's"", 'pretty', 'much']"	[135.365, 136.04001, 136.36, 136.68001]	[0.5, 0.3199900000000184, 0.32000999999999635, 0.2399899999999775]
s04e01b	 the gist...	['the', 'gist']	[136.92, 137.08]	[0.160000000000025, 0.5]
s04e01b		[]	[]	[]
s04e01b	 except for the poem. you read	['except', 'for', 'the', 'poem', 'you', 'read']	[139.8, 140.12001, 140.20001, 140.36, 141.0, 141.24]	[0.32000999999999635, 0.07999999999998408, 0.15999000000002184, 0.5, 0.2400000000000091, 0.24000999999998385]
s04e01b	 the poem, right?	['the', 'poem', 'right']	[141.48001, 141.56, 141.96]	[0.07999000000000933, 0.4000000000000057, 0.5]
s04e01b	 no.	['no']	[143.08]	[0.5]
s04e01b	 all right.	['alright']	[144.605]	[0.5]
s04e01b	 hang	['hang']	[145.64499]	[0.5]
s04e01b		[]	[]	[]
s04e01b		[]	[]	[]
s04e01b	 on.	['on']	[151.00499]	[0.5]
s04e01b	 pass the cheese, please.	['pass', 'the', 'cheese', 'please']	[152.045, 152.36499, 152.525, 152.92499]	[0.3199900000000184, 0.16000999999999976, 0.3999900000000025, 0.4950099999999793]
s04e01b		[]	[]	[]
s04e01b		[]	[]	[]
s04e01b		[]	[]	[]
s04e01b		[]	[]	[]
s04e01b	 my god, you can't even look	"['my', 'god', 'you', ""can't"", 'even', 'look']"	[159.5, 159.81999, 160.06, 160.22, 160.38, 160.7]	[0.31998999999999, 0.24001000000001227, 0.1599999999999966, 0.1599999999999966, 0.3199999999999932, 0.160000000000025]
s04e01b	 at me, can you?	['at', 'me', 'can', 'you']	[160.86, 161.02, 161.18, 161.42]	[0.1599999999999966, 0.1599999999999966, 0.23999999999998067, 0.33500000000000796]
s04e01b	 nope.	['nope']	[162.395]	[0.5]
s04e01b		[]	[]	[]
s04e01b	 hey, it's phoebe! we can talk	"['hey', ""it's"", 'phoebe', 'we', 'can', 'talk']"	[165.27501, 165.595, 165.835, 166.235, 166.395, 166.55501]	[0.31998999999999, 0.2400000000000091, 0.4000000000000057, 0.1599999999999966, 0.16000999999999976, 0.2399899999999775]
s04e01b	 to phoebe!	['to', 'phoebe']	[166.795, 167.035]	[0.2400000000000091, 0.5]
s04e01b	 no.	"['no', ""i'm""]"	[169.035, 169.35501]	[0.32000999999999635, 0.3999900000000025]
s04e01b	 i'm too depressed to	"[""i'm"", 'too', 'depressed', 'to']"	[169.755, 170.235, 170.475, 171.035]	[0.4800000000000182, 0.23999999999998067, 0.5, 0.0800000000000125]
s04e01b	 talk. i'll give you	"['talk', ""i'll"", 'give', 'you']"	[171.115, 171.92, 172.15999, 172.23999]	[0.5, 0.23999000000000592, 0.0800000000000125, 0.16000999999999976]
s04e01b	 $1,000 to talk to	['$1,000', 'to', 'talk', 'to']	[172.4, 173.43999, 173.51999, 173.68]	[0.5, 0.0800000000000125, 0.16000999999999976, 0.1599999999999966]
s04e01b	 us. hey,	['us', 'hey']	[173.84, 175.28]	[0.5, 0.5]
s04e01b	 you guys, what do you think	['you', 'guys', 'what', 'do', 'you', 'what', 'do', 'you', 'think']	[175.92, 176.15999, 176.48, 176.64, 176.68, 176.71999, 176.87999, 176.95999, 177.04]	[0.23999000000000592, 0.32000999999999635, 0.1599999999999966, 0.040000000000020464, 0.03998999999998887, 0.1599999999999966, 0.0800000000000125, 0.08000999999998726, 0.2400000000000091]
s04e01b	 about making that beach trip an	['about', 'making', 'that', 'beach', 'trip', 'an']	[177.28, 177.43999, 177.68, 178.0, 178.31999, 178.56]	[0.15998999999999342, 0.24001000000001227, 0.3199999999999932, 0.31998999999999, 0.24001000000001227, 0.23999000000000592]
s04e01b	 annual thing? no!	['annual', 'thing', 'no']	[178.79999, 179.2, 179.59999]	[0.40000999999998044, 0.3999900000000025, 0.32000999999999635]
s04e01b	 no! no! all right,	['no', 'alright']	[179.92, 181.30501]	[0.5, 0.31998999999999]
s04e01b	 what happened out	"[""that's"", 'it', 'you', 'guys', 'what', 'happened', 'out']"	[181.625, 181.945, 182.10501, 182.265, 182.505, 182.74501, 183.065]	[0.3199999999999932, 0.16000999999999976, 0.15998999999999342, 0.2400000000000091, 0.24001000000001227, 0.31998999999999, 0.1599999999999966]
s04e01b	 there? what?	['there', 'what']	[183.225, 184.18501]	[0.5, 0.5]
s04e01b	 we took a walk.	['we', 'took', 'a', 'walk']	[185.225, 185.46501, 185.705, 185.785]	[0.24001000000001227, 0.23999000000000592, 0.07999999999998408, 0.40001000000000886]
s04e01b	 nothing happened.	['nothing', 'happened']	[186.18501, 186.505]	[0.31998999999999, 0.5]
s04e01b	 i came back with nothing	['i', 'came', 'back', 'with', 'nothing']	[187.625, 187.865, 188.02501, 188.265, 188.74501]	[0.2400000000000091, 0.16000999999999976, 0.2399899999999775, 0.48001000000002136, 0.3999900000000025]
s04e01b	 all over me.	['all', 'over', 'me']	[189.145, 189.30501, 189.54501]	[0.16000999999999976, 0.23999999999998067, 0.4249900000000082]
s04e01b	 come on. come on, what	['come', 'on', 'what']	[191.09, 191.41, 191.73]	[0.3199999999999932, 0.3199999999999932, 0.2400000000000091]
s04e01b	 happened? joey?	['happened', 'joey']	[191.97, 192.45]	[0.47999999999998977, 0.5]
s04e01b	 all right.	['alright']	[194.61]	[0.5]
s04e01b	 no! joey, we	['no', 'joey', 'we']	[195.33, 195.89, 196.37]	[0.5, 0.4800000000000182, 0.1599999999999966]
s04e01b	 swore we'd never tell.	"['swear', ""we'd"", 'never', 'tell']"	[196.53, 196.85, 197.01, 197.41]	[0.3199999999999932, 0.1599999999999966, 0.4000000000000057, 0.5]
s04e01b	 they'll never understand.	"[""they'll"", 'never', 'understand']"	[198.13, 198.37, 198.77]	[0.2400000000000091, 0.4000000000000057, 0.5]
s04e01b		[]	[]	[]
s04e01b		[]	[]	[]
s04e01b	 well, we have to	['well', 'we', 'have', 'to']	[203.285, 203.445, 203.60501, 203.76501]	[0.1599999999999966, 0.16000999999999976, 0.1599999999999966, 0.15999000000002184]
s04e01b	 say something. we have to get	['say', 'something', 'we', 'have', 'to', 'get']	[203.925, 204.16501, 205.04501, 205.205, 205.365, 205.445]	[0.24000999999998385, 0.5, 0.15999000000002184, 0.1599999999999966, 0.07999999999998408, 0.16000999999999976]
s04e01b	 it out. it's eating me	"['it', 'out', ""it's"", 'eating', 'me']"	[205.60501, 205.68501, 206.005, 206.16501, 206.40501]	[0.0800000000000125, 0.31998999999999, 0.16000999999999976, 0.2400000000000091, 0.23999000000000592]
s04e01b	 alive!	['alive']	[206.645]	[0.5]
s04e01b		[]	[]	[]
s04e01b	 monica got stung by	['monica', 'got', 'stung', 'by']	[210.06999, 210.62999, 210.95, 211.26999]	[0.5, 0.32000999999999635, 0.3199900000000184, 0.16000999999999976]
s04e01b	 a jellyfish. all right!	['a', 'jellyfish', 'alright']	[211.43, 211.59, 212.31]	[0.1599999999999966, 0.5, 0.5]
s04e01b		[]	[]	[]
s04e01b		[]	[]	[]
s04e01b	 all right.	['alright']	[216.785]	[0.5]
s04e01b		[]	[]	[]
s04e01b		[]	[]	[]
s04e01b	 i got	['i', 'got']	[221.345, 221.665]	[0.3199999999999932, 0.3200000000000216]
s04e01b	 stung.	['stung']	[221.985]	[0.5]
s04e01b	 stung	['stung']	[224.43001]	[0.5]
s04e01b		[]	[]	[]
s04e01b	 bad.	['bad']	[226.27]	[0.5]
s04e01b	 i couldn't stand.	"['i', ""couldn't"", 'stand']"	[228.11, 228.27, 228.67]	[0.1599999999999966, 0.39999999999997726, 0.48001000000002136]
s04e01b	 i... i couldn't	"['i', 'i', ""couldn't""]"	[229.15001, 230.19, 230.43001]	[0.5, 0.24001000000001227, 0.4799899999999866]
s04e01b	 walk. we were	['walk', 'we', 'were']	[230.91, 232.035, 232.195]	[0.40500000000000114, 0.1599999999999966, 0.1599999999999966]
s04e01b	 two miles from the house.	['2', 'miles', 'from', 'the', 'house']	[232.355, 232.595, 232.91501, 233.075, 233.235]	[0.2400000000000091, 0.32000999999999635, 0.15998999999999342, 0.160000000000025, 0.5]
s04e01b		[]	[]	[]
s04e01b	 we were scared	['we', 'were', 'scared']	[235.955, 236.115, 236.355]	[0.1599999999999966, 0.23999999999998067, 0.4000000000000057]
s04e01b	 and alone.	['and', 'alone']	[236.755, 236.995]	[0.2400000000000091, 0.5]
s04e01b	 we didn't think we could make	"['we', ""didn't"", 'think', 'we', 'could', 'make']"	[238.56, 238.64, 238.79999, 238.95999, 239.2, 239.44]	[0.07999999999998408, 0.15999000000002184, 0.1599999999999966, 0.24000999999998385, 0.2400000000000091, 0.2400000000000091]
s04e01b	 it.	['it']	[239.68]	[0.5]
s04e01b		[]	[]	[]
s04e01b		[]	[]	[]
s04e01b		[]	[]	[]
s04e01b	 i was in too much pain.	['i', 'was', 'in', 'too', 'much', 'pain']	[245.68, 245.92, 246.08, 246.23999, 246.4, 246.72]	[0.23999999999998067, 0.160000000000025, 0.15998999999999342, 0.16000999999999976, 0.3199999999999932, 0.42500000000001137]
s04e01b	 and i was tired from digging the huge	['and', 'i', 'was', 'tired', 'from', 'digging', 'the', 'huge']	[247.225, 247.38501, 247.545, 247.625, 248.02501, 248.185, 248.425, 248.585]	[0.16000999999999976, 0.15998999999999342, 0.0800000000000125, 0.40001000000000886, 0.15998999999999342, 0.2400000000000091, 0.1599999999999966, 0.23999999999998067]
s04e01b	 hole.	['hole']	[248.825]	[0.5]
s04e01b		[]	[]	[]
s04e01b	 and then joey	['and', 'then', 'joey']	[252.10501, 252.345, 252.585]	[0.23999000000000592, 0.2400000000000091, 0.47999999999998977]
s04e01b	 remembered something.	['remembered', 'something']	[253.065, 253.465]	[0.4000000000000057, 0.5]
s04e01b	 i'd	"[""i've""]"	[255.76001]	[0.39999000000003093]
s04e01b	 seen this thing on the discovery	['seen', 'this', 'thing', 'on', 'the', 'discovery']	[256.16, 256.4, 256.56, 256.80002, 256.96, 257.12]	[0.23999999999995225, 0.160000000000025, 0.24002000000001544, 0.15997999999996182, 0.160000000000025, 0.4800000000000182]
s04e01b	 channel. wait a	['channel', 'wait', 'a']	[257.6, 258.4, 258.64]	[0.5, 0.2400000000000091, 0.16002000000003136]
s04e01b	 minute. i saw that. on the	['minute', 'i', 'saw', 'that', 'on', 'the']	[258.80002, 259.28, 259.52, 259.84, 260.24, 260.48]	[0.479979999999955, 0.2400000000000091, 0.3199999999999932, 0.4000000000000341, 0.2400000000000091, 0.15999999999996817]
s04e01b	 discovery channel.	['discovery', 'channel']	[260.64, 261.36002]	[0.5, 0.5]
s04e01b	 yeah, about jellyfish, and how if	['yeah', 'about', 'jellyfish', 'and', 'how', 'if']	[261.92, 262.32, 262.56, 263.12, 263.36002, 263.52]	[0.39999999999997726, 0.2400000000000091, 0.5, 0.24002000000001544, 0.15997999999996182, 0.160000000000025]
s04e01b	 you...	['you']	[263.68]	[0.375]
s04e01b		[]	[]	[]
s04e01b		[]	[]	[]
s04e01b	 eww! you	['ew', 'you']	[267.895, 269.335]	[0.5, 0.23998000000000275]
s04e01b	 peed on yourself?	['peed', 'on', 'yourself']	[269.57498, 269.895, 270.13498]	[0.3200199999999995, 0.23998000000000275, 0.5]
s04e01b	 eww!	['ew']	[271.95]	[0.5]
s04e01b	 eww! you can't say	"['you', ""can't"", 'say']"	[273.23, 273.39, 273.79]	[0.15999999999996817, 0.4000000000000341, 0.23999999999995225]
s04e01b	 that! you don't know!	"['that', 'you', 'you', ""don't"", 'know']"	[274.03, 274.43, 274.67, 274.83002, 275.15]	[0.4000000000000341, 0.2400000000000091, 0.16001999999997452, 0.31997999999998683, 0.5]
s04e01b	 i mean, i	['i', 'mean', 'i']	[276.67, 276.91, 276.99002]	[0.2400000000000091, 0.08001999999999043, 0.07997999999997774]
s04e01b	 thought i was going to pass out from the	['thought', 'i', 'was', 'gonna', 'pass', 'out', 'from', 'the']	[277.07, 277.23, 277.31, 277.47, 277.79, 278.03, 278.19, 278.51]	[0.160000000000025, 0.07999999999998408, 0.160000000000025, 0.3199999999999932, 0.23999999999995225, 0.160000000000025, 0.3199999999999932, 0.07999999999998408]
s04e01b	 pain.	['pain']	[278.59]	[0.5]
s04e01b	 anyway, i tried.	['anyway', 'i', 'i', 'tried']	[279.79, 280.27002, 280.595, 280.755]	[0.4800199999999677, 0.2449799999999982, 0.15999999999996817, 0.5]
s04e01b	 .. but i couldn't...	"['i', 'but', 'i', 'i', ""couldn't""]"	[281.795, 282.11502, 282.195, 282.355, 282.515]	[0.16001999999997452, 0.07997999999997774, 0.160000000000025, 0.15999999999996817, 0.5]
s04e01b	 bend that way.	['been', 'that', 'way']	[283.55502, 283.71503, 283.95502]	[0.16000999999999976, 0.2399899999999775, 0.5]
s04e01b		[]	[]	[]
s04e01b		[]	[]	[]
s04e01b	 so...	['so']	[287.23502]	[0.5]
s04e01b		[]	[]	[]
s04e01b		[]	[]	[]
s04e01b		[]	[]	[]
s04e01b	 eww! eww! eww! that's	"[""that's""]"	[294.56998]	[0.40002000000004045]
s04e01b	 right. i stepped	['right', 'i', 'stepped']	[294.97, 295.37, 295.69]	[0.39999999999997726, 0.3199999999999932, 0.39999999999997726]
s04e01b	 up!	['up']	[296.09]	[0.46500000000003183]
s04e01b		[]	[]	[]
s04e01b	 she's my friend, and she	"[""she's"", 'my', 'friend', 'and', 'she']"	[299.755, 300.155, 300.395, 300.63498, 300.79498]	[0.39999999999997726, 0.2400000000000091, 0.23998000000000275, 0.160000000000025, 0.16001999999997452]
s04e01b	 needed help.	['needed', 'help']	[300.955, 301.275]	[0.3199999999999932, 0.5]
s04e01b	 if i had	['if', 'i', 'had']	[302.955, 303.275, 303.35498]	[0.3199999999999932, 0.07998000000003458, 0.15999999999996817]
s04e01b	 to, i'd pee on any one of	"['to', ""i'd"", 'pee', 'on', 'any', 'one', 'of']"	[303.51498, 304.05, 304.28998, 304.40997, 304.53, 304.77, 305.00998]	[0.5, 0.23998000000000275, 0.11998999999997295, 0.12002999999998565, 0.2400000000000091, 0.23998000000000275, 0.25]
s04e01b	 you.	['you']	[305.25998]	[0.5]
s04e01b		[]	[]	[]
s04e01b		[]	[]	[]
s04e01b		[]	[]	[]
s04e01b	 only, uh... i	['only', 'i']	[311.175, 312.295]	[0.39999999999997726, 0.15999999999996817]
s04e01b	 couldn't.	"[""couldn't""]"	[312.455]	[0.5]
s04e01b		[]	[]	[]
s04e01b	 i	['i']	[317.015]	[0.2400000000000091]
s04e01b	 got the stage fright.	['got', 'to', 'stage', 'fright']	[317.255, 317.495, 317.655, 318.055]	[0.2400000000000091, 0.15999999999996817, 0.4000000000000341, 0.5]
s04e01b		[]	[]	[]
s04e01b	 i wanted to help but there was	['i', 'wanted', 'to', 'help', 'but', 'there', 'was']	[320.455, 320.79, 320.95, 321.11002, 321.35, 321.51, 321.67]	[0.17500000000001137, 0.15999999999996817, 0.16002000000003136, 0.23998000000000275, 0.15999999999996817, 0.160000000000025, 0.07999999999998408]
s04e01b	 just too much pressure so...	['just', 'too', 'much', 'pressure', 'so']	[321.75, 321.91, 322.07, 322.31, 322.55002]	[0.160000000000025, 0.15999999999996817, 0.2400000000000091, 0.24002000000001544, 0.5]
s04e01b	 so i,	['so', 'i']	[323.51, 323.75]	[0.2400000000000091, 0.2400000000000091]
s04e01b	 uh... i turned to chandler.	['i', 'turned', 'to', 'chandler']	[324.71, 324.87, 325.11002, 325.35]	[0.160000000000025, 0.24002000000001544, 0.23998000000000275, 0.5]
s04e01b		[]	[]	[]
s04e01b		[]	[]	[]
s04e01b	 joey kept	['joy', 'kept']	[330.22498, 330.465]	[0.2400199999999586, 0.2400000000000091]
s04e01b	" screaming at me ""do it"	['screaming', 'at', 'me', 'do', 'it']	[330.705, 331.185, 331.34497, 331.585, 331.82498]	[0.4800000000000182, 0.15996999999998707, 0.2400299999999902, 0.23998000000000275, 0.08001999999999043]
s04e01b	 now! do it! do it! do it	['now', 'do', 'it', 'do', 'it', 'do', 'it']	[331.905, 332.305, 332.465, 332.705, 332.94498, 333.26498, 333.425]	[0.4000000000000341, 0.15999999999996817, 0.2400000000000091, 0.23998000000000275, 0.3199999999999932, 0.16002000000003136, 0.07997000000000298]
s04e01b	" now!"""	['now']	[333.50497]	[0.5]
s04e01b	 sometimes,	['sometimes']	[335.82498]	[0.5]
s04e01b	 late at night i can still hear the	['late', 'at', 'night', 'i', 'can', 'still', 'hear', 'the']	[336.54498, 336.78497, 336.865, 337.185, 337.26498, 337.425, 337.66498, 337.905]	[0.2399899999999775, 0.08003000000002203, 0.3199999999999932, 0.07997999999997774, 0.16002000000003136, 0.23998000000000275, 0.2400199999999586, 0.1599700000000439]
s04e01b	 screaming.	['screaming']	[338.06497]	[0.5]
s04e01b		[]	[]	[]
s04e01b	 that's	"[""that's""]"	[342.33]	[0.2400000000000091]
s04e01b	 because sometimes i just do it through my wall	['because', 'sometimes', 'i', 'just', 'do', 'it', 'through', 'my', 'wall']	[342.57, 342.81, 343.21, 343.29, 343.44998, 343.61, 343.69, 343.85, 344.00998]	[0.2400000000000091, 0.39999999999997726, 0.08000000000004093, 0.15997999999996182, 0.16002000000003136, 0.07999999999998408, 0.160000000000025, 0.15997999999996182, 0.160000000000025]
s04e01b	 to freak you out.	['to', 'freak', 'you', 'out']	[344.16998, 344.33, 344.57, 344.72998]	[0.16001999999997452, 0.2400000000000091, 0.15998000000001866, 0.5]
s04e01b	 maybe	['maybe']	[346.65]	[0.32000000000005]
s04e01b	 there's somebody that you guys could to.	"[""there's"", 'somebody', 'that', 'you', 'guys', 'could', 'talk']"	[346.97, 347.21, 347.53, 347.69, 347.85, 348.00998, 348.25]	[0.23999999999995225, 0.3199999999999932, 0.160000000000025, 0.160000000000025, 0.15997999999996182, 0.24002000000001544, 0.3849999999999909]
s04e01b	 up no. who?	['who', 'now', 'who']	[348.715, 348.875, 349.635]	[0.160000000000025, 0.5, 0.5]
s04e01b	 it's not like they have a gro	"[""it's"", 'not', 'like', 'they', 'have', 'a', 'group']"	[350.39502, 350.635, 350.795, 350.95502, 351.11502, 351.195, 351.27502]	[0.23998000000000275, 0.160000000000025, 0.16001999999997452, 0.160000000000025, 0.07997999999997774, 0.08001999999999043, 0.23998000000000275]
s04e01b	 . for people like us	['for', 'people', 'like', 'us']	[351.515, 351.67502, 351.915, 352.155]	[0.16002000000003136, 0.23998000000000275, 0.23999999999995225, 0.5]
s04e01b		[]	[]	[]
s04e01b	 yeah, no, there's this guy	"['yeah', 'no', ""there's"", 'this', 'guy']"	[354.475, 354.795, 355.11502, 355.355, 355.515]	[0.3199999999999932, 0.3200199999999995, 0.23998000000000275, 0.15999999999996817, 0.3200199999999995]
s04e01b	 owen. he's the best. i	"['owen', ""he's"", 'the', 'best', 'i']"	[355.83502, 356.155, 356.39502, 356.55502, 357.0]	[0.31997999999998683, 0.24002000000001544, 0.160000000000025, 0.44497999999998683, 0.5]
s04e01b		[]	[]	[]
s04e01b	 might	['might']	[358.739]	[0.5]
s04e01b	 have	['have']	[360.478]	[0.5]
s04e01b	 his	['his']	[362.217]	[0.5]
s04e01b	 card.	['card']	[363.956]	[0.5]
s04e01b		[]	[]	[]
s04e01b	 ??  ?? ...and fuchsia and mauve ?? those are the 66	['those', 'are', 'the', '66']	[366.575, 366.89502, 367.135, 367.375]	[0.3200199999999995, 0.23998000000000275, 0.2400000000000091, 0.5]
s04e01b	 colors of my	['colors', 'of', 'my']	[368.17502, 368.655, 368.815]	[0.479979999999955, 0.160000000000025, 0.39999999999997726]
s04e01b	 bedroom.	['bedroom']	[369.215]	[0.5]
s04e01b	 ?? thank	['thank']	[371.935]	[0.3199999999999932]
s04e01b	 you. thank you. oh,	['you', 'thank', 'you', 'oh']	[372.255, 372.89502, 373.135, 373.535]	[0.5, 0.23998000000000275, 0.4000000000000341, 0.3199999999999932]
s04e01b	 and i invite all of	['and', 'i', 'invite', 'all', 'of']	[373.855, 374.17502, 374.33502, 374.73502, 374.89502]	[0.3200199999999995, 0.15999999999996817, 0.4000000000000341, 0.15999999999996817, 0.15998000000001866]
s04e01b	 you to count the colors in your	['you', 'to', 'count', 'the', 'colors', 'in', 'your']	[375.055, 375.66998, 375.83, 375.88333, 375.93665, 375.99, 376.71]	[0.5, 0.16001999999997452, 0.05333000000001675, 0.05331999999998516, 0.0533500000000231, 0.5, 0.23998000000000275]
s04e01b	 bedroom.	['bedroom']	[376.94998]	[0.5]
s04e01b	 except for you.	['except', 'for', 'you']	[379.19, 379.51, 379.66998]	[0.3199999999999932, 0.15998000000001866, 0.24002000000001544]
s04e01b	 you go away.	['you', 'go', 'away']	[379.91, 380.07, 380.31]	[0.15999999999996817, 0.2400000000000091, 0.5]
s04e01b		[]	[]	[]
s04e01b		[]	[]	[]
s04e01b		[]	[]	[]
s04e01b	 i'll go in a second.	"[""i'll"", 'go', 'in', 'a', 'second']"	[385.515, 385.915, 386.23502, 386.475, 386.635]	[0.4000000000000341, 0.3200199999999995, 0.23998000000000275, 0.15999999999996817, 0.3200199999999995]
s04e01b	 i just want to tell you	['i', 'i', 'just', 'wanna', 'tell', 'you']	[386.95502, 387.595, 387.755, 387.99503, 388.23502, 388.475]	[0.5, 0.15999999999996817, 0.2400299999999902, 0.23999000000003434, 0.23998000000000275, 0.15999999999996817]
s04e01b	 that there hasn't	"['that', 'there', ""hasn't""]"	[388.635, 389.67502, 389.99503]	[0.5, 0.32000999999996793, 0.23999000000003434]
s04e01b	 been a day when i didn't regret	"['been', 'a', 'day', 'when', 'i', ""didn't"", 'regret']"	[390.23502, 390.39502, 390.475, 390.635, 390.875, 390.95502, 391.27502]	[0.15999999999996817, 0.07998000000003458, 0.15999999999996817, 0.2400000000000091, 0.08001999999999043, 0.3199999999999932, 0.5]
s04e01b	 giving you up.	['giving', 'you', 'up']	[391.83502, 392.155, 392.39502]	[0.31997999999998683, 0.24002000000001544, 0.5]
s04e01b	 okay.	['okay']	[394.21002]	[0.47998000000001184]
s04e01b	 bye.	['bye']	[394.69]	[0.5]
s04e01b	 no.	['no']	[397.33002]	[0.39998000000002776]
s04e01b	 i'm not done. i just want you	"[""i'm"", 'not', 'done', 'i', 'i', 'i', 'just', 'want', 'you']"	[397.73, 397.89, 397.97, 398.29, 398.53, 398.77002, 398.85, 399.01, 399.17]	[0.15999999999996817, 0.08000000000004093, 0.3199999999999932, 0.23999999999995225, 0.24002000000001544, 0.07998000000003458, 0.15999999999996817, 0.160000000000025, 0.07999999999998408]
s04e01b	 to know that the reason i never looked	['to', 'know', 'that', 'i', 'the', 'reason', 'i', 'never', 'looked']	[399.25, 399.33002, 399.57, 399.73, 399.89, 399.97, 400.21002, 400.37003, 400.53]	[0.08001999999999043, 0.23998000000000275, 0.160000000000025, 0.07999999999998408, 0.08000000000004093, 0.2400199999999586, 0.16000999999999976, 0.15996999999998707, 0.160000000000025]
s04e01b	 you up was because...	['you', 'up', 'was', 'because']	[400.69, 400.93002, 401.01, 401.25]	[0.24002000000001544, 0.07997999999997774, 0.2400000000000091, 0.5]
s04e01b	 well, i was afraid that you	['well', 'i', 'was', 'afraid', 'that', 'you']	[402.655, 402.815, 402.975, 403.135, 403.455, 403.535]	[0.160000000000025, 0.160000000000025, 0.15999999999996817, 0.3199999999999932, 0.08000000000004093, 0.15999999999996817]
s04e01b	 would react...	['would', 'react']	[403.695, 403.855]	[0.160000000000025, 0.5]
s04e01b	 just, well, like the way	['just', 'well', 'like', 'the', 'the', 'way']	[404.975, 405.295, 405.615, 405.855, 406.415, 406.575]	[0.3199999999999932, 0.3199999999999932, 0.2400000000000091, 0.5, 0.15999999999996817, 0.16002000000003136]
s04e01b	 you're reacting right now	"[""you're"", 'reacting', 'right', 'now']"	[406.73502, 406.975, 407.455, 407.615]	[0.23998000000000275, 0.47999999999996135, 0.160000000000025, 0.3199999999999932]
s04e01b	 and... can't we just you know,	"['and', ""can't"", 'we', 'just', 'you', 'know']"	[407.935, 408.415, 408.655, 408.815, 409.135, 409.215]	[0.4800000000000182, 0.23999999999995225, 0.160000000000025, 0.3199999999999932, 0.07999999999998408, 0.32000000000005]
s04e01b	 start from here,	['start', 'from', 'here']	[409.535, 409.855, 410.095]	[0.3199999999999932, 0.2400000000000091, 0.5]
s04e01b	 please?	['please']	[411.04]	[0.5]
s04e01b		[]	[]	[]
s04e01b	 no.	['no']	[413.84]	[0.5]
s04e01b		[]	[]	[]
s04e01b		[]	[]	[]
s04e01b	 okay.	['okay']	[418.24]	[0.5]
s04e01b	 sorry.	['sorry']	[420.535]	[0.5]
s04e01b		[]	[]	[]
s04e01b	 but just	['but', 'just']	[424.13498, 424.375]	[0.24002000000001544, 0.2400000000000091]
s04e01b	 one last thing.	['one', 'last', 'thing']	[424.615, 424.85498, 425.095]	[0.23998000000000275, 0.24002000000001544, 0.5]
s04e01b	 you know, you came	['you', 'know', 'you', 'came']	[426.6, 426.76, 426.92, 427.16]	[0.15999999999996817, 0.160000000000025, 0.2400000000000091, 0.23999999999995225]
s04e01b	 looking for family.	['looking', 'for', 'family']	[427.4, 427.72, 427.96]	[0.32000000000005, 0.23999999999995225, 0.5]
s04e01b		[]	[]	[]
s04e01b	 i'm family.	"[""i'm"", 'family']"	[430.76, 431.16]	[0.4000000000000341, 0.5]
s04e01b		[]	[]	[]
s04e01b	 i'm it.	"[""i'm"", 'it']"	[433.8, 434.12]	[0.3199999999999932, 0.5]
s04e01b		[]	[]	[]
s04e01b		[]	[]	[]
s04e01b	 well, now i'm done.	"['no', 'no', ""i'm"", 'done']"	[437.825, 438.305, 438.625, 438.785]	[0.4800000000000182, 0.3199999999999932, 0.160000000000025, 0.5]
s04e01b		[]	[]	[]
s04e01b		[]	[]	[]
s04e01b	 but it's not like	"['yeah', 'but', ""it's"", 'not', 'like']"	[443.16, 443.24002, 443.48, 443.56, 443.80002]	[0.08001999999999043, 0.23998000000000275, 0.07999999999998408, 0.24002000000001544, 0.15997999999996182]
s04e01b	 we're losing anything,	"[""we're"", 'losing', 'anything']"	[443.96, 444.12, 444.44]	[0.160000000000025, 0.3199999999999932, 0.5]
s04e01b	 you know?	['you', 'know']	[445.64, 445.80002]	[0.16002000000003136, 0.5]
s04e01b	 yeah, i guess you're	"['yeah', 'i', 'guess', ""you're""]"	[447.32, 447.64, 447.72, 447.96]	[0.3199999999999932, 0.08000000000004093, 0.23999999999995225, 0.2400000000000091]
s04e01b	 right. it's	"['right', ""it's""]"	[448.2, 449.78497]	[0.5, 0.16000999999999976]
s04e01b	 not like we know	['not', 'like', 'we', 'know']	[449.94498, 450.10498, 450.82498, 450.985]	[0.160000000000025, 0.5, 0.16002000000003136, 0.3199999999999932]
s04e01b	 each other or anything or that	['each', 'other', 'or', 'anything', 'or', 'that']	[451.305, 451.54498, 451.865, 452.025, 452.425, 452.66498]	[0.23998000000000275, 0.3200199999999995, 0.15999999999996817, 0.4000000000000341, 0.23998000000000275, 0.15999999999996817]
s04e01b	 we have anything in common.	['we', 'have', 'anything', 'in', 'common']	[452.82498, 452.985, 453.22498, 453.625, 453.865]	[0.16002000000003136, 0.23998000000000275, 0.4000199999999836, 0.2400000000000091, 0.5]
s04e01b	 well, i don't know. i mean,	"['well', 'i', ""don't"", 'know', 'i', 'mean']"	[454.66498, 454.82498, 454.985, 455.22498, 455.465, 455.625]	[0.15999999999996817, 0.16002000000003136, 0.23998000000000275, 0.2400199999999586, 0.160000000000025, 0.15996999999998707]
s04e01b	 it's not like we don't have	"[""it's"", 'not', 'like', 'we', ""don't"", 'have']"	[455.78497, 456.025, 456.185, 456.66498, 456.905, 457.145]	[0.2400299999999902, 0.160000000000025, 0.47998000000001184, 0.2400199999999586, 0.2400000000000091, 0.160000000000025]
s04e01b	 anything in common.	['anything', 'in', 'common']	[457.305, 457.705, 457.94498]	[0.39999999999997726, 0.23998000000000275, 0.5]
s04e01b		[]	[]	[]
s04e01b	 i mean,	['i', 'mean']	[461.13, 461.29]	[0.160000000000025, 0.39999999999997726]
s04e01b	 i like pizza.	['i', 'like', 'pizza']	[461.69, 461.93, 462.57]	[0.2400000000000091, 0.3199999999999932, 0.5]
s04e01b		[]	[]	[]
s04e01b	 i...i like pizza.	['i', 'like', 'pizza']	[464.89, 465.13, 465.37]	[0.2400000000000091, 0.2400000000000091, 0.5]
s04e01b	 you do?	['you', 'know']	[466.73, 466.81]	[0.07999999999998408, 0.5]
s04e01b	 ha! wait, i like,	['wait', 'i', 'like']	[467.93, 468.33002, 468.49]	[0.4000199999999836, 0.15998000000001866, 0.5]
s04e01b	 um, the beatles. oh,	['the', 'beatles', 'oh']	[469.75497, 469.91498, 470.63498]	[0.16000999999999976, 0.5, 0.160000000000025]
s04e01b	 my god, so do	['my', 'god', 'so', 'do']	[470.79498, 470.955, 471.35498, 471.595]	[0.16001999999997452, 0.39998000000002776, 0.24002000000001544, 0.23999999999995225]
s04e01b	 i!	['i']	[471.835]	[0.5]
s04e01b	 oh, i knew it! wow! wait wait wait.	['wait', 'wait', 'wait', 'wait', 'wait']	[474.235, 474.47498, 474.715, 474.875, 474.955]	[0.23998000000000275, 0.2400199999999586, 0.160000000000025, 0.07999999999998408, 0.23998000000000275]
s04e01b	 puppies-- cute or ugly?	['puppies', 'cute', 'or', 'ugly']	[475.19498, 475.75497, 475.995, 476.155]	[0.5, 0.2400299999999902, 0.15999999999996817, 0.47998000000001184]
s04e01b	 oh, so cute.	['aw', 'so', 'cute']	[476.63498, 477.15997, 477.4]	[0.4450199999999995, 0.2400299999999902, 0.5]
s04e01b	 uh huh! well?	['uh-huh', 'well']	[478.03998, 479.15997]	[0.5, 0.5]
s04e01b	 you see?	"[""he's"", 'like']"	[480.12, 480.43997]	[0.3199700000000121, 0.2400299999999902]
s04e01b	 but i'm	"['but', ""i'm""]"	[482.19998, 482.43997]	[0.23999000000003434, 0.16000999999999976]
s04e01b	 still... i'm mad at you.	"['still', ""i'm"", ""i'm"", 'mad', 'at', 'you']"	[482.59998, 483.0, 483.15997, 483.4, 483.56, 483.72]	[0.3199999999999932, 0.15996999999998707, 0.2400299999999902, 0.160000000000025, 0.160000000000025, 0.5]
s04e01b	 i	['i']	[484.57498]	[0.5]
s04e01b	 know. i'm	"['know', ""i'm""]"	[485.535, 486.975]	[0.5, 0.23999999999995225]
s04e01b	 mad at me, too.	['mad', 'at', 'me', 'too']	[487.215, 487.455, 487.535, 487.775]	[0.2400000000000091, 0.08000000000004093, 0.23999999999995225, 0.5]
s04e01b		[]	[]	[]
s04e01b	 well, um, do you	['well', 'do', 'do', 'you']	[490.335, 490.82498, 491.43, 491.51]	[0.23998000000000275, 0.5, 0.07999999999998408, 0.160000000000025]
s04e01b	 want to get something to eat?	['wanna', 'get', 'something', 'to', 'eat']	[491.67, 491.83002, 492.07, 492.47, 492.55002]	[0.16001999999997452, 0.23998000000000275, 0.4000000000000341, 0.08001999999999043, 0.31997999999998683]
s04e01b	 because i'm kind of hungry.	"['because', ""i'm"", 'kinda', 'hungry']"	[492.87, 493.19, 493.35, 493.67]	[0.3199999999999932, 0.160000000000025, 0.3199999999999932, 0.5]
s04e01b	 hey!	['hey']	[495.19]	[0.5]
s04e01b	 me, too! oh,	['me', 'too', 'oh']	[495.99002, 496.39, 497.03]	[0.3999799999999709, 0.5, 0.4800000000000182]
s04e01b	 uncanny.	['uncanny']	[497.51]	[0.5]
s04e01b		[]	[]	[]
s04e01b	 god, looks like it's	"['oh', 'my', 'god', 'looks', 'like', ""it's""]"	[500.465, 501.025, 501.105, 501.425, 501.665, 501.745]	[0.5, 0.08000000000004093, 0.3199999999999932, 0.2400000000000091, 0.07999999999998408, 0.15999999999996817]
s04e01b	 going to rain and i don't have my umbrella	"['gonna', 'rain', 'and', 'i', ""don't"", 'have', 'my', 'umbrella']"	[501.905, 502.145, 502.305, 502.385, 502.54498, 502.705, 502.865, 503.025]	[0.2400000000000091, 0.160000000000025, 0.07999999999998408, 0.15998000000001866, 0.16001999999997452, 0.160000000000025, 0.15999999999996817, 0.4800000000000182]
s04e01b	 me, neither. i really hate	['me', 'neither', 'i', 'really', 'hate']	[503.505, 503.745, 504.065, 504.225, 504.465]	[0.2400000000000091, 0.3199999999999932, 0.160000000000025, 0.23999999999995225, 0.2400000000000091]
s04e01b	 that. all right, stop it. now you're just	"['that', 'alright', 'stop', 'it', 'now', ""you're"", 'just']"	[504.705, 505.26498, 505.585, 505.82498, 505.985, 506.145, 506.385]	[0.5, 0.3200199999999995, 0.23998000000000275, 0.16002000000003136, 0.15999999999996817, 0.2400000000000091, 0.15998000000001866]
s04e01b	 doing it to freak me out.	['doing', 'it', 'to', 'freak', 'me', 'out']	[506.54498, 506.705, 506.865, 507.025, 507.26498, 507.425]	[0.16001999999997452, 0.160000000000025, 0.15999999999996817, 0.23998000000000275, 0.16002000000003136, 0.5]
s04e01b		[]	[]	[]
s04e01b		[]	[]	[]
s04e01b		[]	[]	[]
s04e01b		[]	[]	[]
s04e01b	 oh, i	['i']	[515.17]	[0.24003000000004704]
s04e01b	 missed you.	['missed', 'you']	[515.41003, 515.81]	[0.3999699999999393, 0.5]
s04e01b	 i missed you, too.	['i', 'missed', 'you', 'too']	[517.01, 517.25, 517.49, 517.81]	[0.2400000000000091, 0.2400000000000091, 0.31999999999993634, 0.5]
s04e01b		[]	[]	[]
s04e01b		[]	[]	[]
s04e01b	 oh, i was so	['so']	[522.315]	[0.3999699999999393]
s04e01b	 nervous about that letter.	['nervous', 'about', 'that', 'letter']	[522.71497, 523.195, 523.435, 523.675]	[0.48003000000005613, 0.2399999999998954, 0.2400000000000091, 0.5]
s04e01b		[]	[]	[]
s04e01b		[]	[]	[]
s04e01b	 but the way you	['but', 'the', 'way', 'you']	[527.63, 527.79004, 527.95, 528.43005]	[0.16003999999998086, 0.15996000000006916, 0.48005000000000564, 0.3999499999999898]
s04e01b	 owned up to everything it	['owned', 'up', 'to', 'everything', 'it']	[528.83, 529.15, 529.39, 529.55005, 530.03]	[0.31999999999993634, 0.2400000000000091, 0.1600500000000693, 0.47994999999991705, 0.16000000000008185]
s04e01b	 just... showed	['just', 'showed']	[530.19, 531.55005]	[0.5, 0.3199499999999489]
s04e01b	 me how much you've grown,	"['me', 'how', 'much', ""you've"", 'grown']"	[531.87, 532.11005, 532.35004, 532.51, 532.91003]	[0.24004999999999654, 0.23999000000003434, 0.15995999999995547, 0.4000300000000152, 0.47996999999998025]
s04e01b	 you know?	['you', 'know']	[533.39, 533.63]	[0.2400000000000091, 0.5]
s04e01b		[]	[]	[]
s04e01b	 i	['i']	[537.295]	[0.16000000000008185]
s04e01b	 suppose.	['suppose']	[537.455]	[0.5]
s04e01b	 . no, youhave,	['you', 'have']	[539.855, 540.175]	[0.31999999999993634, 0.5]
s04e01b	 ross, you have you should give	['ross', 'you', 'have', 'you', 'should', 'give']	[540.735, 541.135, 541.295, 541.535, 541.695, 541.855]	[0.39999999999997726, 0.15999999999996817, 0.2400000000000091, 0.16000000000008185, 0.15999999999996817, 0.15999999999996817]
s04e01b	 yourself credit.	['yourself', 'credit']	[542.015, 542.495]	[0.4800000000000182, 0.5]
s04e01b	  i mean, my mom	['i', 'mean', 'my', 'mom']	[544.05, 544.13, 544.29, 544.53]	[0.08000000000004093, 0.15999999999996817, 0.2400000000000091, 0.4800000000000182]
s04e01b	 never thought  this would work	['never', 'thought', 'this', 'would', 'work']	[545.01, 545.81, 546.05, 546.21, 546.45]	[0.5, 0.2400000000000091, 0.16000000000008185, 0.2400000000000091, 0.2400000000000091]
s04e01b	 out.	['out']	[546.69]	[0.5]
s04e01b	 she was all,	['she', 'was', 'all']	[548.61, 548.85, 549.09]	[0.2400000000000091, 0.2400000000000091, 0.4800000000000182]
s04e01b	" ""once a cheater, always a"	['once', 'a', 'cheater', 'always', 'a']	[549.57, 549.89, 550.05, 550.53, 550.85]	[0.31999999999993634, 0.15999999999996817, 0.4800000000000182, 0.32000000000005, 0.15999999999996817]
s04e01b	" cheater."""	['cheater']	[551.01]	[0.5]
s04e01b	 mm hmm.	['mhmm']	[553.735]	[0.5]
s04e01b	 oh...	['oh']	[554.935]	[0.5]
s04e01b	 i just wish we hadn't	"['i', 'just', 'wish', 'we', ""hadn't""]"	[556.135, 556.295, 556.535, 556.77496, 556.855]	[0.15999999999996817, 0.2400000000000091, 0.2399599999999964, 0.08004000000005362, 0.31999999999993634]
s04e01b	 lost those four months.	['lost', 'those', '4', 'months']	[557.175, 557.415, 557.735, 557.975]	[0.2400000000000091, 0.32000000000005, 0.2400000000000091, 0.5]
s04e01b	 but	['but']	[559.815]	[0.2399999999998954]
s04e01b	 if time was what you needed	['if', 'time', 'was', 'what', 'you', 'needed']	[560.055, 560.295, 560.535, 560.695, 560.935, 561.095]	[0.2400000000000091, 0.2400000000000091, 0.16000000000008185, 0.2399999999998954, 0.16000000000008185, 0.5]
s04e01b	 just to gain a little	['to', 'gain', 'a', 'little']	[561.68, 561.92, 562.31995, 562.48]	[0.2400000000000091, 0.3999499999999898, 0.1600500000000693, 0.5]
s04e01b	 perspective...	['perspective']	[563.27997]	[0.5]
s04e01b		[]	[]	[]
s04e01b	  we were on	['we', 'were', 'on']	[566.39996, 566.72, 567.36]	[0.3200400000000627, 0.5, 0.31999999999993634]
s04e01b	 a break!	['a', 'break']	[567.68, 568.0]	[0.32000000000005, 0.5]
s04e01b	 coffee	['coffee']	[570.24]	[0.3999499999999898]
s04e01b	 house? you bet.	['house', 'you', 'bet']	[570.63995, 571.155, 571.315]	[0.43505000000004657, 0.16000000000008185, 0.5]
s04e01b	 and for the	['and', 'for', 'the']	[572.59503, 572.91504, 573.075]	[0.3200100000000248, 0.15996000000006916, 0.2400000000000091]
s04e01b	 record, it took	['record', 'it', 'took', '2']	[573.315, 573.875, 574.03503, 574.675]	[0.5, 0.1600300000000061, 0.5, 0.32000000000005]
s04e01b	 two people to break up this	['people', 'to', 'break', 'up', 'this']	[574.995, 575.315, 575.555, 575.875, 576.03503]	[0.32000000000005, 0.2399999999998954, 0.32000000000005, 0.1600300000000061, 0.3999699999999393]
s04e01b	 relationship. you	['relationship', 'yeah', 'you']	[576.435, 577.315, 577.635]	[0.5, 0.31999999999993634, 0.32000000000005]
s04e01b	 and that girl from the copy place	['and', 'that', 'girl', 'from', 'the', 'copy', 'place']	[577.955, 578.195, 578.35504, 578.59503, 578.755, 578.995, 579.315]	[0.2400000000000091, 0.16003999999998086, 0.23998999999992066, 0.1599700000000439, 0.2400000000000091, 0.32000000000005, 0.2399999999998954]
s04e01b	 which, yesterday, you took	['which', 'yesterday', 'you', 'took']	[579.555, 580.18, 580.5, 580.57996]	[0.5, 0.32000000000005, 0.07996000000002823, 0.40003999999998996]
s04e01b	 full responsibility for. i	['full', 'responsibility', 'for', 'i']	[580.98, 581.22, 581.94, 582.33997]	[0.2400000000000091, 0.5, 0.3999699999999393, 0.1600300000000061]
s04e01b	 didn't know what i was taking	"[""didn't"", 'know', 'what', 'i', 'was', 'taking']"	[582.5, 582.66, 582.81995, 583.06, 583.22, 583.3]	[0.15999999999996817, 0.15994999999998072, 0.24004999999999654, 0.16000000000008185, 0.07999999999992724, 0.3999499999999898]
s04e01b	 responsibility for, okay?	['responsibility', 'for', 'okay']	[583.69995, 584.66, 585.06]	[0.5, 0.39999999999997726, 0.39996000000007825]
s04e01b	 i didn't finish the whole	"['i', ""didn't"", 'finish', 'the', 'whole']"	[585.45996, 585.62, 586.01996, 586.42, 586.57996]	[0.16003999999998086, 0.39995999999996457, 0.40003999999998996, 0.15996000000006916, 0.23998999999992066]
s04e01b	 letter. what? i fell	['letter', 'what', 'i', 'fell']	[586.81995, 587.38, 588.1, 588.25995]	[0.5, 0.5, 0.15994999999998072, 0.24004999999999654]
s04e01b	 asleep. you	['asleep', 'you']	[588.5, 589.655]	[0.5, 0.3200400000000627]
s04e01b	 fell asleep?	['fell', 'asleep']	[589.97504, 590.215]	[0.2399599999999964, 0.5]
s04e01b	 it	['it']	[592.695]	[0.16003999999998086]
s04e01b	 was 5:30	['was', '5:30']	[592.85504, 593.255]	[0.39995999999996457, 0.5]
s04e01b	 in the morning	['in', 'the', 'morning']	[594.53503, 594.695, 594.85504]	[0.1599700000000439, 0.16003999999998086, 0.5]
s04e01b	 and you had rambled	['and', 'you', 'had', 'rambled']	[595.735, 596.055, 596.53503, 596.935]	[0.31999999999993634, 0.48003000000005613, 0.3999699999999393, 0.5]
s04e01b	 on for	['on', 'for']	[597.735, 598.215]	[0.4800000000000182, 0.5]
s04e01b		['team']	[599.27]	[0.5]
s04e01b	 18 pages...	['pages']	[600.67004]	[0.5]
s04e01b	 front and	['front', 'and']	[602.07, 602.71]	[0.5, 0.3199700000000121]
s04e01b	 back! oh	['back', 'oh']	[603.02997, 604.18994]	[0.5, 0.5]
s04e01b	 oh oh, and	['oh', 'oh', 'and']	[605.35, 605.83, 605.99]	[0.4800000000000182, 0.15999999999996817, 0.31999999999993634]
s04e01b	 by the way y	['by', 'the', 'way', 'y']	[606.31, 606.47, 606.55, 607.235]	[0.16000000000008185, 0.07999999999992724, 0.44500000000005, 0.2400000000000091]
s04e01b	 o u apostrophe r	['o', 'u', 'apostrophe', 'r']	[607.475, 607.955, 608.115, 608.835]	[0.4800000000000182, 0.15999999999996817, 0.5, 0.39999999999997726]
s04e01b	" e means ""you are."""	['e', 'means', 'you', 'are']	[609.235, 609.555, 610.115, 610.355]	[0.31999999999993634, 0.5, 0.2400000000000091, 0.5]
s04e01b	 y o u r means	['y', 'o', 'u', 'r', 'means']	[611.075, 611.315, 611.475, 611.635, 611.875]	[0.2400000000000091, 0.15999999999996817, 0.15999999999996817, 0.2400000000000091, 0.39999999999997726]
s04e01b	" ""your."" ha! you"	['your', 'you']	[612.275, 613.71497]	[0.5, 0.1600300000000061]
s04e01b	 know, i can't believe i	"['know', 'i', ""can't"", 'believe', 'i']"	[613.875, 614.115, 614.275, 614.515, 614.915]	[0.2400000000000091, 0.15999999999996817, 0.2400000000000091, 0.39999999999997726, 0.16000000000008185]
s04e01b	 even thought of getting back together	['even', 'thought', 'of', 'getting', 'back', 'together']	[615.075, 615.395, 615.92004, 616.0, 616.24005, 616.32]	[0.31999999999993634, 0.44500000000005, 0.07996000000002823, 0.24004999999999654, 0.07995000000005348, 0.48005000000000564]
s04e01b	 with you. we are so	['with', 'you', 'we', 'are', 'so']	[616.80005, 616.88, 617.04004, 617.28, 617.60004]	[0.07994999999993979, 0.16003999999998086, 0.2399599999999964, 0.3200400000000627, 0.5]
s04e01b	 over.	['over']	[618.16003]	[0.5]
s04e01b	 oh... oh... oh... fine by	['fine', 'by']	[620.72003, 620.96]	[0.23997000000008484, 0.2400000000000091]
s04e01b	 me!	['me']	[621.2]	[0.5]
s04e01b	 oh, and	['oh', 'helen', 'hey', 'hey']	[623.12006, 623.52, 623.84, 624.08]	[0.39994000000001506, 0.32000000000005, 0.2400000000000091, 0.08002999999996518]
s04e01b	 hey, those little spelling tips	['hey', 'those', 'little', 'belling', 'tips']	[624.16003, 624.48004, 624.80005, 625.305, 625.625]	[0.3200100000000248, 0.3200100000000248, 0.4249499999999671, 0.32000000000005, 0.15999999999996817]
s04e01b	 will come in handy when you're at home	"['will', 'come', 'in', 'handy', 'when', ""you're"", 'at', 'home']"	[625.785, 625.94495, 626.105, 626.26495, 626.58496, 626.745, 626.90497, 626.985]	[0.15994999999998072, 0.1600500000000693, 0.15994999999998072, 0.3200100000000248, 0.16003999999998086, 0.1599700000000439, 0.08002999999996518, 0.2400000000000091]
s04e01b	 on saturday nights playing scrabble	['on', 'saturday', 'nights', 'playing', 'scrabble']	[627.225, 627.305, 627.70496, 628.02496, 628.345]	[0.07999999999992724, 0.39996000000007825, 0.31999999999993634, 0.3200400000000627, 0.39999999999997726]
s04e01b	 with monica! hey...	['with', 'monica', 'hey']	[628.745, 628.985, 629.70496]	[0.2400000000000091, 0.5, 0.5]
s04e01b	 sorry!	['sorry']	[630.345]	[0.5]
s04e01b	 i just feel bad	['i', 'just', 'feel', 'bad']	[632.425, 632.665, 632.90497, 633.065]	[0.2400000000000091, 0.23997000000008484, 0.1600300000000061, 0.15999999999996817]
s04e01b	 about all that sleep you're going	"['about', 'all', 'that', 'sleep', ""you're"", 'gonna']"	[633.225, 633.46497, 633.625, 633.91003, 634.07, 634.23004]	[0.23996999999997115, 0.1600300000000061, 0.20500000000004093, 0.1599700000000439, 0.16003999999998086, 0.31995999999992364]
s04e01b	 to miss wishing you were with me.	['miss', 'wishing', 'you', 'were', 'with', 'me']	[634.55, 634.79004, 635.11005, 635.35004, 635.51, 635.75]	[0.2400400000000218, 0.3200100000000248, 0.23999000000003434, 0.15995999999995547, 0.2400000000000091, 0.39999999999997726]
s04e01b	 oh, no no no, don't you worry about	"['oh', 'no', 'no', ""don't"", 'you', 'worry', 'about']"	[636.15, 636.31, 636.47003, 636.71, 636.95, 637.11005, 637.35004]	[0.15999999999996817, 0.1600300000000061, 0.23997000000008484, 0.2400000000000091, 0.16004999999995562, 0.23999000000003434, 0.2399599999999964]
s04e01b	 me falling asleep.	['me', 'falling', 'asleep']	[637.59, 637.91003, 638.31]	[0.3200299999999743, 0.3999699999999393, 0.5]
s04e01b	 i still have your	['i', 'still', 'have', 'your']	[639.19, 639.43, 639.75, 640.07]	[0.2399999999998954, 0.32000000000005, 0.32000000000005, 0.31999999999993634]
s04e01b	 letter!	['letter']	[640.39]	[0.5]
s04e01b	 and	['and']	[643.03]	[0.2400000000000091]
s04e01b	 hey, just so you know...	['hey', 'just', 'so', 'you', 'know']	[643.27, 643.895, 644.215, 644.295, 644.455]	[0.5, 0.32000000000005, 0.07999999999992724, 0.16000000000008185, 0.5]
s04e01b	 it's not that common	"[""it's"", 'not', 'that', 'common']"	[645.09503, 645.415, 645.655, 645.975]	[0.3199700000000121, 0.2400000000000091, 0.32000000000005, 0.5]
s04e01b	 it doesn't happen to every	"['it', ""doesn't"", 'happen', 'to', 'every']"	[646.615, 646.855, 647.09503, 647.415, 647.655]	[0.2400000000000091, 0.24002999999993335, 0.3199700000000121, 0.2400000000000091, 0.2400000000000091]
s04e01b	 guy and it is a big	['guy', 'and', 'it', 'is', 'a', 'big']	[647.895, 648.215, 648.295, 648.615, 648.855, 648.935]	[0.32000000000005, 0.07999999999992724, 0.32000000000005, 0.2400000000000091, 0.07999999999992724, 0.2400000000000091]
s04e01b	 deal!	['deal']	[649.175]	[0.5]
s04e01b	 i knew it!	['i', 'knew', 'it']	[651.575, 651.815, 652.135]	[0.2400000000000091, 0.31999999999993634, 0.4350000000000591]
s04e01b		[]	[]	[]
s04e01b		[]	[]	[]
s04e01b		[]	[]	[]
s04e01b		[]	[]	[]
s04e01b	 gin.	['gin']	[658.41003]	[0.5]
s04e01b	 we were playing	['we', 'were', 'playing']	[660.41504, 660.495, 660.73505]	[0.07996000000002823, 0.24004999999999654, 0.5]
s04e01b	 gin?	['gin']	[662.4551]	[0.5]
s04e01b	 you know,	['you', 'know']	[664.17505, 664.255]	[0.07994999999993979, 0.16003999999998086]
s04e01b	 if we were a couple we could play this game	['if', 'we', 'were', 'a', 'couple', 'we', 'could', 'play', 'this', 'game']	[664.41504, 664.575, 664.655, 664.815, 664.895, 665.215, 665.29504, 665.455, 665.61505, 665.775]	[0.15996000000006916, 0.07999999999992724, 0.16000000000008185, 0.07999999999992724, 0.32000000000005, 0.08003999999993994, 0.15996000000006916, 0.16004999999995562, 0.15994999999998072, 0.2400000000000091]
s04e01b	 naked.	['naked']	[666.015]	[0.5]
s04e01b	 would	['would']	[668.61]	[0.2400000000000091]
s04e01b	 you stop? okay.	['you', 'stop', 'okay']	[668.85, 669.17, 669.81]	[0.31999999999993634, 0.5, 0.5]
s04e01b	 all right.	['alright']	[670.37]	[0.5]
s04e01b	 okay, all right.	['okay', 'alright']	[672.37, 672.77]	[0.39999999999997726, 0.5]
s04e01b	 i think you're great.	"['i', 'think', ""you're"", 'great']"	[673.41, 673.57, 673.81, 674.05]	[0.16000000000008185, 0.2399999999998954, 0.2400000000000091, 0.5]
s04e01b	 i think you're sweet	"['i', 'think', ""you're"", 'sweet']"	[675.33, 675.49, 675.73, 676.05]	[0.15999999999996817, 0.2400000000000091, 0.31999999999993634, 0.32000000000005]
s04e01b	 and you're smart	"['and', ""you're"", 'smart']"	[676.37, 676.61, 676.93]	[0.2400000000000091, 0.31999999999993634, 0.5]
s04e01b	 and i love	['and', 'i', 'love']	[678.70496, 678.945, 679.105]	[0.2400400000000218, 0.15999999999996817, 0.2400000000000091]
s04e01b	 you.	['you']	[679.345]	[0.5]
s04e01b	 but you will	['but', 'you', 'will']	[681.665, 681.90497, 681.985]	[0.23997000000008484, 0.08002999999996518, 0.2400000000000091]
s04e01b	 always be the guy who peed on	['always', 'be', 'the', 'guy', 'who', 'peed', 'on']	[682.225, 682.545, 682.665, 682.785, 682.945, 683.105, 683.425]	[0.31999999999993634, 0.12000000000000455, 0.12000000000000455, 0.16000000000008185, 0.15999999999996817, 0.31999999999993634, 0.15996000000006916]
s04e01b	 me	['me']	[683.58496]	[0.5]
s04e01b		[]	[]	[]
s04e01b		[]	[]	[]
